regel_id,beschreibung,entitaet,spalten,granularitaet_a,fehlerklasse_b,erkennbarkeit_c,schweregrad,literatur,fachliche_grundlage,schicht,in_zellmetrik
R-001,Kernpflichtfelder sind nicht leer; bei anrede ungleich FIRMA zusaetzlich das Geburtsdatum,"anfrage, person",anfrage_id; eingangszeitpunkt; sparte; vn_person_id; nachname; plz; geburtsdatum; anrede,G1,B1,C1,HART,RD; KIM; FAN; DAMA,Ohne diese Felder ist keine Tarifierung moeglich. Der bedingte Teil ist ein CFD-Beispiel: Eine juristische Person hat kein Geburtsdatum,typed,ja
R-002,plz erfuellt ^\d{5}$ und ist als Zeichenkette gefuehrt,person,plz,G1,B2,C1,HART,FOI; RD,Fuehrende Null (01067) geht bei Integer-Typisierung verloren,raw,ja
R-003,iban erfuellt ^DE\d{20}$ (genau 22 Zeichen),zahlung,iban,G1,B2,C1,HART,RD; DAMA,"ISO 13616, deutsche IBAN-Laenge",raw,ja
R-004,iban besteht die Pruefziffernpruefung Mod 97-10,zahlung,iban,G1,B2,C1,HART,RD; ISO,ISO 7064,raw,ja
R-005,bic hat exakt 8 oder 11 Zeichen,zahlung,bic,G1,B2,C1,HART,RD,ISO 9362 — 9 oder 10 Zeichen existieren nicht,raw,ja
R-006,email erfuellt das vereinfachte RFC-5322-Muster,person,email,G1,B2,C1,HART,RD; FOI,"RFC 5322, vereinfachte Form",raw,ja
R-007,hsn erfuellt ^\d{4}$,risiko_kfz,hsn,G1,B2,C1,HART,RD,"KBA, Zulassungsbescheinigung Teil I, Feld 2.1",raw,ja
R-008,tsn erfuellt ^[A-Z0-9]{3}$,risiko_kfz,tsn,G1,B2,C1,HART,RD,"Zulassungsbescheinigung Teil I, Feld 2.2",raw,ja
R-009,Jedes Datumsfeld der Rohschicht ist ein existierender Kalendertag,alle,erstzulassung; fuehrerschein_datum; geburtsdatum; gueltig_ab; gueltig_bis; sepa_mandat_datum; versicherungsbeginn; zulassung_auf_vn,G1,B2,C1,HART,RD; FOI,"31022026 ist formal achtstellig, aber kein Kalendertag. Zwingend auf der Rohschicht (spec/01, Abschnitt 6)",raw,ja
R-010,"zahlweise steht im GDV-Katalog {1, 2, 4, 5, 6, 8, 9}",anfrage,zahlweise,G1,B2,C1,HART,RD; KIM,GDV Anlage 14 — 3 und 7 existieren nicht,typed,ja
R-011,"sparte steht im Spartenverzeichnis {051, 052, 053, 130}","anfrage, tarif",sparte,G1,B2,C1,HART,RD,"GDV Anlage 1, Spartenverzeichnis",typed,ja
R-012,waehrung existiert im ISO-4217-Katalog und ist im Kontext dieses Systems EUR,anfrage,waehrung,G1,B2,C1,HART,RD,"ISO 4217, zweistufig: syntaktische Gueltigkeit und Zulaessigkeit",typed,ja
R-013,"sf_klasse_* steht im Katalog {0, 1/2, S, M, SF1..SF50} und ist Zeichenkette",risiko_kfz,sf_klasse_hp; sf_klasse_vk,G1,B2,C1,HART,RD; FOI,Sonderklassen sind keine Zahlen; Integer-Typisierung ist ein Fehler,raw,ja
R-014,"typklasse_hp in [10,25], _tk in [10,33], _vk in [10,34]",risiko_kfz,typklasse_hp; typklasse_tk; typklasse_vk,G1,B2,C1,HART,RD; KIM; DAMA,GDV-Typklassenverzeichnis: 16 / 24 / 25 Klassen,typed,ja
R-015,"regionalklasse_hp in [1,12], _tk in [1,16], _vk in [1,9]",risiko_kfz,regionalklasse_hp; regionalklasse_tk; regionalklasse_vk,G1,B2,C1,HART,RD,GDV-Regionalklassen: 12 / 16 / 9 Stufen,typed,ja
R-016,"zuers_zone steht in {1, 2, 3, 4}",risiko_hausrat,zuers_zone,G1,B2,C1,HART,RD,ZUERS-Gefaehrdungsklassen,typed,ja
R-017,bauartklasse steht in GDV Anlage 12 und ist als Zeichenkette gefuehrt,risiko_hausrat,bauartklasse,G1,B2,C1,HART,RD; FOI,GDV Anlage 12 — gemischt numerisch und alphabetisch,raw,ja
R-018,anfrage_status steht im definierten Enum,anfrage,anfrage_status,G1,B2,C1,HART,RD,Prozessstatus des Vergleichssystems,typed,ja
R-019,"nutzungsart steht in {01, 02, 03, 08}",risiko_kfz,nutzungsart,G1,B2,C1,HART,RD,GDV Satzart 0210.050,typed,ja
R-020,"art_kennzeichen steht in {01, 04, 54}",risiko_kfz,art_kennzeichen,G1,B2,C1,HART,RD,GDV Satzart 0210.050,typed,ja
R-021,Alle Beitrags- und Summenfelder sind groesser oder gleich null,"angebot, risiko_hausrat, tarif",nettobeitrag_jahr_eur; versicherungsteuer_satz; versicherungsteuer_eur; bruttobeitrag_jahr_eur; ratenzahlungszuschlag_prozent; zahlbeitrag_rate_eur; sb_tk_eur; sb_vk_eur; sb_hausrat_prozent; sb_hausrat_eur; versicherungssumme_eur; sublimit_fahrrad_eur; sublimit_wertsachen_eur; deckungssumme_personen_eur; deckungssumme_sach_eur; deckungssumme_vermoegen_eur,G1,B3,C1,HART,RD; KIM,Negative Beitraege sind fachlich unmoeglich,typed,ja
R-022,wohnflaeche_qm liegt im plausiblen Korridor (config.schwellen),risiko_hausrat,wohnflaeche_qm,G1,B3,C2,WARNUNG,ABE; FOI,Werte ausserhalb sind Eingabe- oder Einheitenfehler,typed,ja
R-023,baujahr liegt zwischen 1500 und dem Jahr des Stichtags,risiko_hausrat,baujahr,G1,B3,C1,HART,RD; FOI,Ein Baujahr in der Zukunft ist unmoeglich,typed,ja
R-024,"deckungssumme_personen >= 7.500.000, _sach >= 1.300.000, _vermoegen >= 50.000",tarif,deckungssumme_personen_eur; deckungssumme_sach_eur; deckungssumme_vermoegen_eur,G1,B3,C1,HART,RD; DAMA,"PflVG, Anlage zu Paragraf 4 Absatz 2 — gesetzliche Mindestdeckung",typed,ja
R-025,"Kein Feld enthaelt einen impliziten Fehlwert (Sentinel je Datentyp, ausgenommen die Felder mit legitimem Sentinelwert)",alle,alle Felder der Entitaet,G1,B1,C2,WARNUNG,FOI; RD; KIM,"Fehlwerte, die als gefuellte Werte getarnt sind. Die Ausnahmeliste zeigt die Grenze von Sentinel-Heuristiken",raw,ja
R-026,erstzulassung liegt nicht nach dem Stichtag,risiko_kfz,erstzulassung,G2,B3,C1,HART,RD; FAN,Eine Erstzulassung kann nicht in der Zukunft liegen,typed,ja
R-027,erstzulassung <= zulassung_auf_vn <= stichtag,risiko_kfz,erstzulassung; zulassung_auf_vn,G2,B4,C1,HART,FAN; RD,Ein Fahrzeug wird nicht vor seiner Erstzulassung auf den Versicherungsnehmer zugelassen,typed,ja
R-028,fuehrerschein_datum >= geburtsdatum plus 17 Jahre und <= stichtag,person,fuehrerschein_datum; geburtsdatum,G2,B4,C1,HART,FAN; RD,Begleitetes Fahren ab 17 ist die Untergrenze (Paragraf 48a FeV),typed,ja
R-029,schadenfreie_jahre(sf_klasse_hp) <= Alter(VN) minus 17,"risiko_kfz, person",sf_klasse_hp,G2,B4,C1,HART,FAN; CHU,"Man kann nicht laenger schadenfrei fahren, als man den Fuehrerschein besitzt. Abbildung in spec/01, Abschnitt 2.8",typed,ja
R-030,sf_ordnung(sf_klasse_vk) <= sf_ordnung(sf_klasse_hp),risiko_kfz,sf_klasse_vk; sf_klasse_hp,G2,B4,C2,WARNUNG,FAN,"Marktueblich; Ausnahmen existieren, daher Warnung",typed,ja
R-031,bruttobeitrag_jahr_eur = nettobeitrag_jahr_eur plus versicherungsteuer_eur,angebot,bruttobeitrag_jahr_eur; nettobeitrag_jahr_eur; versicherungsteuer_eur,G2,B4,C1,HART,FAN; CHU; DAMA,Beitragsarithmetik; Toleranz aus config.schwellen,typed,ja
R-032,"versicherungsteuer_eur = ROUND_HALF_UP(netto mal satz / 100, 2)",angebot,versicherungsteuer_eur; nettobeitrag_jahr_eur; versicherungsteuer_satz,G2,B4,C1,HART,FAN,Paragraf 6 in Verbindung mit Paragraf 5 VersStG,typed,ja
R-033,"versicherungsteuer_satz entspricht dem Effektivsatz der Sparte (051/052/053 -> 19,00; 130 -> 16,15)","angebot, anfrage",versicherungsteuer_satz,G2,B4,C1,HART,FAN,Paragraf 6 Absatz 2 in Verbindung mit Paragraf 5 Absatz 1 Nummer 3 VersStG. Musterbeispiel einer Conditional Functional Dependency,typed,ja
R-034,Bei steuerfreien Sparten ist versicherungsteuer_eur gleich null,"angebot, anfrage",versicherungsteuer_eur,G2,B4,C1,HART,FAN,"Paragraf 4 VersStG. **Im aktuellen Datenmodell nicht ausloesbar**, da die steuerfreien Sparten (Leben, Kranken, BU, Rente, Pflege) nicht erzeugt werden — bewusst implementiert und als solche gekennzeichnet",typed,ja
R-035,"zahlweise in {1, 6} erzwingt ratenzahlungszuschlag_prozent = 0","angebot, anfrage",ratenzahlungszuschlag_prozent,G2,B4,C1,HART,FAN,Ohne Ratenzahlung kein Ratenzuschlag,typed,ja
R-036,zahlbeitrag_rate_eur mal Ratenanzahl >= bruttobeitrag_jahr_eur minus Toleranz mal Ratenanzahl,"angebot, anfrage",zahlbeitrag_rate_eur; bruttobeitrag_jahr_eur,G2,B4,C1,HART,CHU,"Unterjaehrige Zahlung ist nie guenstiger als jaehrliche. Die Toleranz skaliert mit der Ratenanzahl, weil sich der Rundungsfehler je Rate aufsummiert",typed,ja
R-037,"annahmeentscheidung = ABLEHNUNG genau dann, wenn alle Beitragsfelder leer",angebot,annahmeentscheidung; nettobeitrag_jahr_eur; versicherungsteuer_satz; versicherungsteuer_eur; bruttobeitrag_jahr_eur; ratenzahlungszuschlag_prozent; zahlbeitrag_rate_eur,G2,B4,C1,HART,FAN; RD,Ein abgelehntes Risiko hat keinen Beitrag,typed,ja
R-038,fahrzeugwert_aktuell <= neupreis_eur,risiko_kfz,fahrzeugwert_aktuell; neupreis_eur,G2,B3,C1,HART,CHU,Ein Fahrzeug ist nicht mehr wert als neu,typed,ja
R-039,"art_kennzeichen = 54 erzwingt antriebsart in {ELEKTRO, HYBRID}",risiko_kfz,art_kennzeichen; antriebsart,G2,B4,C1,HART,FAN,E-Kennzeichen setzt elektrischen Antrieb voraus (EmoG),typed,ja
R-040,unterversicherungsverzicht erzwingt versicherungssumme_eur >= 650 mal wohnflaeche_qm,risiko_hausrat,versicherungssumme_eur; wohnflaeche_qm; unterversicherungsverzicht,G2,B4,C2,WARNUNG,FAN,"Branchenuebliche Faustregel 650 Euro je Quadratmeter, Modellannahme",typed,ja
R-041,"Genau eines von sb_hausrat_prozent und sb_hausrat_eur ist gefuellt — nur anwendbar, wenn die Sparte einen Hausrat-Selbstbehalt kennt","angebot, anfrage",sb_hausrat_prozent; sb_hausrat_eur,G2,B4,C2,WARNUNG,RD; KIM,"Modellannahme des Schemas, kein Domaenenfakt — reale Produkte kennen kombinierte Formen",typed,ja
R-042,sublimit_fahrrad_eur und sublimit_wertsachen_eur <= versicherungssumme_eur,risiko_hausrat,sublimit_fahrrad_eur; sublimit_wertsachen_eur; versicherungssumme_eur,G2,B4,C1,HART,CHU,Ein Sublimit kann die Gesamtsumme nicht uebersteigen,typed,ja
R-043,rang je anfrage_id ist lueckenlos 1..n und eindeutig,angebot,rang,G3,B5,C1,HART,RD; DAMA,Ein Vergleichsergebnis hat eine vollstaendige Rangfolge,typed,ja
R-044,rang ist aufsteigend nach zahlbeitrag_rate_eur sortiert,angebot,rang; zahlbeitrag_rate_eur,G3,B4,C1,HART,CHU,Ein Preisvergleich sortiert nach Preis,typed,ja
R-045,"Kein Duplikat ueber (anfrage_id, tarif_id)",angebot,anfrage_id; tarif_id,G3,B5,C1,HART,RD; ABE; DAMA,"Derselbe Tarif erscheint nicht zweimal im selben Vergleich. Abgrenzung zu HO1: exakte, nicht semantische Duplikate",typed,ja
R-046,Je anfrage_id existiert genau eine person mit rolle = VN,"person, anfrage",rolle,G3,B5,C1,HART,RD; OLI,Ein Vertrag hat genau einen Versicherungsnehmer,typed,ja
R-047,max(zahlbeitrag_rate_eur) / min(...) je anfrage_id bleibt unter der Schwelle,angebot,zahlbeitrag_rate_eur,G3,B3,C2,WARNUNG,ABE; FOI,Eine extreme Spreizung deutet auf einen Einheiten- oder Mappingfehler hin. Schwellenwert ist eine Modellannahme. Diagnosekennzahl ohne verursachende Zelle,typed,nein
R-048,"Die empirische Verteilung von zuers_zone weicht je Zone hoechstens relativ von (92,4 / 6,1 / 1,1 / 0,4) ab",risiko_hausrat,zuers_zone,G3,B3,C2,WARNUNG,ABE,Verteilungspruefung statt Einzelwertpruefung (Metrik-Constraints nach Schelter et al.). Relative statt absoluter Toleranz. Diagnosekennzahl ohne Zellbezug,typed,nein
R-049,"Alle Fremdschluessel sind aufloesbar: angebot.anfrage_id, angebot.tarif_id, anfrage.vn_person_id, risiko_*.anfrage_id, zahlung.anfrage_id",alle,anfrage_id; tarif_id; vn_person_id,G4,B4,C1,HART,RD; OLI,"GDV-Referenzlogik: Satzart 0220 auf 0210 ueber die Referenznummer, auf 0100 ueber die Personennummer",typed,ja
R-050,plz existiert in plz_ort und ort stimmt mit dem Referenzeintrag ueberein,person,plz; ort,G4,B3,C3,HART,RD; FAN; ISO,Klassisches CFD-Beispiel: Land bestimmt PLZ bestimmt Ort,typed,ja
R-051,"(hsn, tsn) existiert in typklassen und die abgeleiteten Felder leistung_kw, antriebsart und typklasse_* stimmen mit dem Referenzeintrag ueberein",risiko_kfz,hsn; tsn; leistung_kw; antriebsart; typklasse_hp; typklasse_tk; typklasse_vk,G4,B4,C3,HART,RD; FAN,Eine Abweichung deutet auf einen Mappingfehler zwischen Schnittstelle und Fahrzeugkatalog hin,typed,ja
R-052,Innerhalb einer anfrage_id verwenden alle Angebote dieselbe Einheitenkonvention fuer den Selbstbehalt,angebot,sb_hausrat_prozent; sb_hausrat_eur,G5,B7,C2,WARNUNG,RD; KIM; FOI; DAMA,"Anbieter A liefert den Selbstbehalt in Euro, Anbieter B in Prozent — der Vergleich wird dadurch unzulaessig",typed,ja
R-053,bruttobeitrag_jahr_eur liegt je Sparte im plausiblen Korridor (config.schwellen),"angebot, anfrage",bruttobeitrag_jahr_eur,G5,B3,C2,WARNUNG,ABE; FOI,"Cent-statt-Euro-Interpretation durch implizite Dezimalstellen im GDV-Format. Geprueft wird der Jahresbeitrag, nicht die Rate",typed,ja
R-054,Kein Angebot weicht um naeherungsweise den Faktor 12 vom Median der uebrigen Angebote derselben Anfrage ab,angebot,bruttobeitrag_jahr_eur,G5,B7,C2,WARNUNG,RD; FOI,"Monats- statt Jahresbeitrag. Ein Faktor 12 ist nicht ueber eine absolute Untergrenze zu finden, sondern nur relational",typed,ja
R-055,"berechnungszeitpunkt liegt in [tarif.gueltig_ab, tarif.gueltig_bis]","angebot, tarif",berechnungszeitpunkt; tarif_id,G5,B6,C1,HART,RD; DAMA; ISO,Veralteter Tarifstand — die klassische Fehlerklasse von Vergleichsportalen. GDV-Bestandsdaten werden meist nur monatlich erzeugt,typed,ja
R-056,tarif.gueltig_bis liegt nach tarif.gueltig_ab,tarif,gueltig_bis; gueltig_ab,G5,B6,C1,HART,RD,"Ein Zeitraum, der endet, bevor er beginnt, ist kein Zeitraum",typed,ja
R-057,"Das Pflichtfeldprofil ist eingehalten, zweigeteilt: Anfrageseite je kanal, Angebot je quell_schnittstelle; Anwendbarkeitsbedingung beachtet","person, risiko_kfz, risiko_hausrat, zahlung, angebot",email; strasse; hausnummer; familienstand; wohneigentum; abstellplatz; alter_juengster_fahrer; jahresfahrleistung_km; sublimit_fahrrad_eur; sublimit_wertsachen_eur; sb_tk_eur; sb_vk_eur; bic; kontoinhaber,G5,B1,C2,WARNUNG,RD; DAMA,"Versicherer befuellen dasselbe Feld unterschiedlich tief; das Pflichtfeldprofil steht in spec/01, Abschnitt 5",typed,ja
R-058,"regionalklasse_hp, _tk und _vk stimmen mit dem Eintrag zu zulassungsbezirk in regionalklassen.csv ueberein",risiko_kfz,zulassungsbezirk; regionalklasse_hp; regionalklasse_tk; regionalklasse_vk,G5,B4,C3,HART,FAN; CHU,"Referenzabgleich analog zu R-051. Regionalklassen haengen am Zulassungsbezirk, nicht an der PLZ — PLZ-Gebiete koennen Bezirksgrenzen schneiden",typed,ja
