plz,zuers_zone
01009,2
01046,1
01081,1
01133,1
01195,2
01223,1
01276,1
01292,1
01378,1
01396,1
01404,1
01496,1
01534,1
01585,1
01596,1
01614,1
01628,1
01639,1
01675,1
01685,1
01770,1
01782,1
01804,1
01815,1
01824,1
01830,1
01853,1
01891,1
01900,2
01908,1
01910,1
01964,1
01986,1
01988,1
02004,1
02007,1
02012,1
02022,1
02025,1
02067,1
02069,1
02077,1
02084,1
02085,1
02087,1
02093,1
02106,1
02112,1
02136,1
02142,1
02149,1
02155,1
02165,1
02173,1
02177,1
02178,1
02190,1
02200,1
02211,1
02213,1
02217,1
02222,1
02226,1
02235,1
02246,1
02260,1
02267,1
02276,1
02282,1
02291,1
02345,1
02346,1
02353,1
02375,1
02378,1
02401,1
02414,1
02415,2
02425,1
02431,1
02441,1
02452,1
02458,1
02461,1
02470,1
02482,1
02485,1
02506,1
02524,1
02549,1
02558,1
02580,1
02581,1
02597,1
02598,1
02599,1
02600,1
02601,1
02607,1
02608,1
02609,1
02612,1
02614,1
02616,1
02618,1
02626,1
02628,1
02629,1
02630,1
02634,2
02643,1
02648,1
02655,1
02656,1
02659,1
02660,1
02661,1
02663,1
02664,1
02667,1
02668,1
02670,1
02672,1
02676,1
02684,1
02687,1
02691,1
02692,1
02694,1
02695,1
02697,1
02698,1
02699,1
02707,1
02708,1
02709,1
02710,1
02711,1
02713,1
02714,1
02718,1
02723,1
02724,1
02728,1
02736,1
02741,1
02742,1
02743,1
02749,1
02760,1
02764,1
02772,1
02779,1
02780,1
02781,1
02783,1
02785,1
02793,1
02797,1
02805,1
02806,1
02810,1
02813,1
02814,1
02819,1
02820,1
02827,1
02831,1
02836,1
02843,1
02849,1
02854,1
02861,1
02870,1
02876,1
02916,1
02945,1
03001,1
03014,1
03024,1
03027,1
03036,1
03081,1
03139,1
03155,1
03157,1
03160,1
03162,1
03181,1
03190,1
03199,1
03207,1
03212,1
03223,1
03225,1
03250,1
03258,1
03260,1
03271,1
03279,1
03280,1
03285,1
03292,1
03304,1
03309,1
03310,1
03326,1
03344,1
03357,1
03361,1
03365,1
03368,1
03408,1
03410,1
03432,1
03433,1
03497,1
03501,1
03581,1
03590,1
03592,1
03666,2
03677,1
03682,2
03702,1
03709,1
03710,1
03716,1
03717,2
03743,1
03754,3
03755,1
03766,1
03767,1
03791,1
03792,1
03795,1
03799,1
03826,1
03827,3
03833,2
03835,1
03842,1
03863,1
03878,1
03892,1
03893,1
03894,1
03909,2
03926,1
03928,1
03946,1
03950,1
03952,1
03957,1
03961,1
03967,1
03975,1
03991,1
03993,1
04021,1
04029,1
04036,1
04046,1
04070,1
04082,1
04083,1
04084,1
04113,1
04123,1
04130,1
04131,1
04133,1
04160,1
04171,1
04194,1
04197,1
04201,1
04203,1
04205,1
04206,1
04213,1
04214,1
04225,1
04228,1
04231,1
04246,1
04258,1
04288,1
04304,1
04312,1
04320,1
04324,1
04332,1
04353,1
04364,1
04369,1
04373,1
04380,1
04401,1
04406,1
04409,1
04417,1
04438,1
04493,1
04512,1
04514,1
04515,1
04517,1
04531,1
04532,1
04543,1
04554,1
04557,1
04564,1
04575,1
04578,1
04580,2
04581,1
04607,1
04615,1
04616,1
04621,1
04626,1
04642,1
04650,1
04667,1
04676,1
04680,1
04697,1
04700,1
04705,2
04711,1
04720,1
04733,1
04734,1
04740,1
04741,1
04744,1
04756,1
04761,1
04764,1
04773,1
04780,1
04786,1
04788,1
04790,1
04794,1
04798,1
04799,1
04801,1
04803,1
04807,1
04808,1
04811,1
04812,1
04825,1
04827,1
04837,1
04840,1
04842,1
04845,1
04853,1
04862,1
04873,1
04876,1
04878,1
04887,1
04889,1
04896,1
04900,1
04909,1
04910,1
04912,1
04920,1
04930,1
04938,1
04943,1
04944,1
04946,1
04950,1
04956,1
04957,1
04967,1
04970,1
04971,1
04972,1
04974,1
05098,4
05144,3
05210,2
05214,2
05277,2
05301,1
05326,1
05367,1
05387,1
05398,1
05405,1
05415,2
05423,1
05425,1
05437,1
05490,1
05499,2
05504,1
05518,1
05521,1
05549,1
05565,1
05584,1
05586,2
05593,1
05626,2
05628,1
05645,1
05655,1
05685,1
05715,1
05784,1
05785,1
05796,1
05800,1
05804,1
05817,1
05857,1
05871,1
05877,1
05878,1
05881,1
05887,1
05901,1
05905,1
05920,1
05989,1
05993,1
06012,1
06038,1
06044,1
06063,1
06065,1
06079,1
06083,1
06087,1
06095,1
06096,1
06103,1
06112,1
06118,1
06132,1
06145,1
06153,1
06188,1
06191,1
06218,1
06226,1
06241,1
06273,1
06278,1
06295,1
06312,1
06356,1
06475,1
06480,1
06491,2
06533,1
06545,1
06580,1
06600,1
06614,1
06641,1
06656,1
06665,1
06674,1
06691,1
06707,1
06720,1
06782,1
06819,1
06853,1
06857,1
06862,1
06863,1
06903,1
06919,1
06931,1
06940,1
06953,1
06954,1
06989,1
07008,1
07009,1
07013,1
07015,1
07033,1
07056,1
07058,1
07066,1
07067,1
07071,1
07082,1
07112,1
07143,1
07211,1
07239,1
07249,1
07303,1
07319,1
07337,1
07344,1
07350,1
07382,1
07473,1
07549,1
07610,1
07665,1
07701,1
07881,1
07891,1
07895,1
07934,1
07946,1
07950,1
07961,1
08027,1
08053,1
08066,1
08080,1
08088,1
08090,1
08095,1
08100,1
08133,1
08137,1
08158,1
08192,1
08218,1
08223,1
08279,1
08300,1
08301,1
08302,1
08309,1
08408,1
08458,1
08470,1
08477,1
08492,1
08500,1
08521,1
08522,1
08534,1
08539,1
08543,1
08551,1
08553,1
08599,1
08627,1
08645,1
08662,1
08664,1
08696,1
08710,1
08713,1
08723,1
08726,1
08728,1
08740,1
08751,1
08811,1
08844,1
08851,1
08882,1
08895,1
08901,1
08904,1
08917,1
08918,1
08924,1
08928,1
08939,1
08974,1
09007,1
09020,1
09041,1
09053,1
09074,1
09077,1
09082,1
09137,1
09150,1
09157,1
09161,1
09167,1
09218,1
09244,1
09278,1
09283,1
09304,1
09310,1
09317,1
09341,1
09376,1
09387,1
09409,1
09424,1
09441,1
09445,1
09449,1
09454,1
09455,1
09463,1
09466,1
09486,1
09497,2
09511,1
09512,1
09520,1
09527,2
09528,2
09534,1
09540,1
09552,1
09569,1
09571,1
09579,2
09589,1
09591,1
09597,1
09601,1
09603,1
09623,1
09628,2
09631,1
09650,1
09652,1
09655,1
09656,1
09657,1
09692,1
09703,1
09716,1
09717,1
09722,1
09750,1
09758,1
09763,1
09777,1
09779,1
09785,1
09791,1
09793,1
09795,1
09803,1
09810,1
09847,1
09848,2
09851,1
09853,1
09855,1
09872,1
09875,1
09879,1
09895,1
09899,1
09905,2
09911,1
09914,1
09920,2
09924,1
09926,1
09947,1
09953,1
09957,1
09959,2
09961,1
09964,2
09977,1
09998,1
09999,1
10001,1
10002,1
10003,1
10022,1
10042,1
10044,1
10051,1
10065,1
10088,1
10112,1
10134,1
10174,1
10175,1
10176,1
10190,1
10198,1
10200,1
10211,1
10221,1
10261,1
10267,1
10274,1
10290,1
10291,1
10298,1
10302,1
10321,1
10324,1
10332,1
10352,1
10446,1
10482,1
10490,1
10498,1
10507,1
10513,1
10554,1
10555,1
10618,1
10651,1
10664,1
10685,1
10699,1
10710,1
10726,1
10730,1
10734,1
10738,1
10743,1
10772,1
10781,1
10787,1
10796,1
10826,1
10855,1
10870,1
10875,1
10885,1
10886,1
10889,1
10915,1
10942,1
10943,1
10948,1
10984,1
10986,1
11003,2
11017,1
11065,2
11079,1
11092,2
11100,3
11109,1
11112,3
11137,2
11139,2
11142,1
11152,2
11183,3
11185,2
11188,2
11223,4
11253,1
11340,2
11366,1
11373,3
11377,1
11398,1
11400,1
11403,1
11407,1
11408,2
11416,1
11420,2
11439,2
11445,2
11450,1
11454,2
11463,1
11465,1
11468,2
11500,1
11501,1
11503,1
11504,1
11506,2
11508,2
11513,1
11520,1
11523,1
11537,1
11542,2
11548,1
11560,2
11570,2
11586,2
11598,2
11602,1
11606,1
11610,2
11612,2
11618,1
11621,1
11658,2
11660,1
11666,1
11667,2
11737,1
11796,2
11804,2
11806,1
12032,1
12062,1
12112,1
12116,1
12148,1
12191,1
12229,1
12235,1
12254,1
12265,1
12363,1
12364,1
12385,1
12393,1
12429,1
12464,1
12579,1
12628,2
12632,1
12641,1
12644,1
12665,1
12667,1
12671,1
12678,1
12698,1
12860,1
12877,1
12888,1
13028,1
13038,1
13077,1
13129,1
13220,1
13241,1
13269,1
13292,1
13314,1
13348,1
13366,1
13401,1
13408,1
13427,1
13435,1
13454,1
13487,1
13488,1
13492,1
13507,1
13513,1
13518,1
13522,1
13537,1
13548,1
13549,1
13561,1
13583,1
13597,1
13616,1
13633,1
13646,1
13670,1
13675,1
13678,1
13689,1
13704,1
13715,1
13724,1
13732,1
13738,1
13741,1
13746,1
13756,1
13760,1
13767,1
13805,1
13821,1
13824,1
13826,1
13860,1
13861,1
13872,1
13888,1
13890,1
13897,1
13899,1
13902,1
13925,1
13941,1
13944,1
13951,1
13961,1
13971,1
13979,1
13986,1
13998,1
14002,1
14009,1
14086,1
14117,1
14124,1
14133,1
14212,1
14230,1
14285,1
14300,1
14304,1
14311,1
14351,1
14388,1
14398,1
14409,1
14415,1
14471,1
14482,1
14568,1
14587,1
14611,1
14623,1
14635,1
14654,1
14673,1
14689,1
14705,1
14706,1
14709,1
14749,1
14758,1
14764,1
14773,1
14778,1
14782,1
14803,1
14815,2
14891,1
14909,1
14910,1
14935,1
14940,1
14941,3
14945,1
14952,1
14954,1
14960,1
14985,1
14988,1
14995,1
14996,1
15004,1
15049,1
15063,1
15136,1
15142,2
15146,1
15166,1
15205,1
15239,1
15251,1
15256,1
15287,1
15442,1
15443,2
15478,1
15504,2
15517,1
15536,1
15567,1
15629,1
15639,1
15670,2
15685,1
15703,1
15722,1
15733,1
15736,2
15742,1
15753,1
15758,1
15761,1
15764,1
15773,1
15778,1
15791,1
15813,1
15859,1
15869,1
15875,1
15877,1
15884,1
15939,1
15945,1
15966,1
15977,1
16010,1
16049,1
16050,1
16056,1
16057,1
16064,1
16082,1
16087,1
16095,1
16119,1
16132,1
16141,1
16152,1
16187,1
16230,1
16242,1
16244,1
16254,1
16272,1
16275,1
16279,1
16283,1
16284,1
16289,1
16297,1
16300,1
16305,1
16308,1
16321,1
16323,1
16338,1
16350,1
16388,1
16427,1
16444,1
16456,1
16482,1
16501,1
16505,1
16560,1
16590,1
16634,1
16648,1
16654,1
16672,1
16686,1
16692,1
16695,1
16713,1
16717,1
16724,1
16744,1
16753,1
16756,1
16757,1
16758,1
16806,1
16808,1
16821,1
16832,1
16836,1
16880,1
16886,1
16907,1
16935,1
16937,1
16940,1
16942,1
16951,1
16956,1
16958,1
16975,1
17000,1
17010,1
17019,1
17040,1
17050,1
17063,1
17102,1
17110,1
17113,1
17125,1
17166,1
17167,2
17174,1
17178,1
17183,2
17194,1
17213,1
17214,1
17216,1
17221,1
17236,1
17242,1
17246,1
17255,1
17269,1
17272,1
17282,1
17300,1
17303,1
17307,1
17313,1
17315,1
17325,1
17337,2
17350,1
17354,1
17359,2
17382,2
17385,1
17400,1
17431,1
17437,1
17440,1
17446,1
17448,1
17451,1
17457,1
17465,1
17467,1
17474,1
17485,1
17490,1
17517,1
17520,1
17522,1
17523,1
17524,1
17525,2
17533,1
17537,1
17550,1
17551,2
17563,1
17568,1
17593,1
17597,1
17600,1
17608,2
17609,1
17623,1
17626,1
17694,1
17706,1
17708,1
17722,1
17736,1
17739,1
17774,1
17801,1
17804,1
17860,1
17862,1
17892,1
17895,1
17896,1
17900,1
17917,1
17929,1
17935,1
17951,1
17958,1
17965,1
17971,1
17978,1
17988,1
17989,1
18039,1
18058,1
18066,1
18075,1
18132,1
18137,1
18152,1
18216,1
18234,1
18238,1
18239,1
18251,1
18264,1
18272,1
18279,1
18307,1
18394,2
18408,1
18455,2
18476,1
18503,1
18520,1
18609,2
18644,2
18656,1
18671,1
18678,1
18684,1
18697,1
18700,1
18701,1
18707,1
18711,1
18712,1
18740,1
18758,1
18760,1
18772,1
18773,1
18789,1
18802,1
18806,1
18807,1
18810,1
18819,1
18822,1
18824,1
18831,1
18845,1
18851,1
18860,1
18864,1
18870,1
18882,1
18897,1
18899,1
18906,1
18920,1
18921,1
18923,1
18930,1
18950,1
18960,1
18962,1
18971,1
18977,1
18984,1
19011,1
19027,1
19029,1
19050,1
19055,1
19066,1
19160,1
19185,1
19211,1
19219,1
19255,1
19268,1
19286,1
19290,1
19292,1
19296,1
19316,1
19357,1
19379,1
19476,1
19507,1
19512,1
19527,1
19557,1
19594,1
19613,1
19667,1
19670,1
19674,1
19690,1
19696,1
19703,1
19740,1
19776,1
19797,1
19815,1
19842,1
19849,1
19891,1
19956,1
19988,1
20000,1
20027,1
20030,1
20033,1
20037,1
20042,1
20051,1
20068,1
20070,2
20076,1
20091,1
20092,1
20102,1
20119,1
20145,1
20158,1
20164,1
20169,1
20172,1
20173,1
20189,1
20190,1
20192,1
20199,1
20204,1
20205,1
20206,1
20208,1
20209,1
20214,1
20218,1
20242,1
20245,1
20249,1
20254,1
20260,2
20285,2
20294,1
20302,1
20321,1
20341,1
20354,1
20356,1
20384,1
20396,1
20440,1
20470,1
20479,1
20494,1
20514,1
20519,1
20534,1
20545,1
20573,1
20574,1
20575,1
20578,1
20582,1
20596,1
20610,1
20625,1
20626,1
20642,1
20643,1
20649,1
20661,1
20711,1
20746,1
20765,2
20767,1
20790,1
20791,1
20816,1
20820,1
20853,2
20866,2
20877,1
20925,1
20930,2
20937,2
20948,1
20957,1
20965,1
20966,1
20968,1
20972,1
20980,1
20983,1
20984,1
20989,1
20993,1
20995,1
20996,1
20999,1
21000,1
21002,1
21003,1
21008,1
21011,1
21012,1
21014,1
21015,1
21017,1
21019,1
21022,1
21031,1
21033,1
21047,1
21050,1
21051,1
21059,1
21062,1
21063,1
21066,1
21067,1
21068,1
21074,1
21080,1
21083,1
21086,1
21090,1
21097,1
21100,1
21104,1
21107,1
21114,1
21115,1
21120,1
21121,1
21124,1
21127,1
21128,1
21135,1
21137,1
21138,1
21139,1
21145,1
21148,1
21156,1
21163,1
21165,1
21168,1
21173,1
21174,1
21176,1
21177,1
21181,1
21191,1
21267,1
21375,1
21409,1
21448,1
21454,1
21458,1
21468,1
21491,1
21502,1
21519,1
21535,1
21590,1
21601,1
21614,1
21616,1
21627,1
21631,1
21633,1
21655,1
21677,1
21691,1
21694,1
21699,1
21700,1
21701,1
21704,1
21707,1
21708,1
21709,1
21715,1
21721,1
21729,1
21738,1
21746,1
21760,1
21776,1
21779,1
21781,1
21782,1
21788,1
21794,1
21804,1
21805,1
21813,1
21815,1
21819,1
21824,1
21829,1
21832,1
21835,1
21848,1
21854,1
21863,1
21864,1
21868,1
21874,1
21883,1
21891,1
21933,2
21978,1
21986,1
22018,1
22020,1
22025,1
22037,1
22045,1
22059,1
22067,1
22085,1
22093,1
22110,2
22112,1
22125,1
22129,1
22137,1
22144,1
22151,1
22158,1
22160,1
22162,1
22165,1
22185,1
22190,1
22193,1
22196,1
22202,2
22210,1
22215,1
22218,1
22259,1
22262,1
22268,1
22271,1
22279,1
22284,2
22286,1
22289,1
22290,1
22303,2
22305,1
22312,1
22313,1
22322,1
22326,1
22338,1
22352,1
22356,1
22366,1
22368,2
22382,1
22430,3
22485,4
22486,2
22512,1
22526,2
22531,2
22545,2
22558,2
22572,2
22589,2
22622,1
22630,1
22632,1
22633,1
22639,1
22640,1
22642,1
22661,1
22663,1
22666,1
22668,2
22671,1
22676,1
22677,1
22678,1
22679,1
22680,1
22684,1
22685,1
22706,1
22709,1
22710,1
22712,1
22713,1
22717,1
22719,1
22723,1
22725,1
22737,1
22738,1
22740,1
22748,1
22752,1
22765,1
22767,1
22772,1
22775,1
22776,1
22777,1
22794,1
22804,1
22805,1
22810,1
22816,1
22822,1
22832,1
22834,1
22836,1
22843,1
22844,1
22849,1
22852,1
22854,1
22855,1
22909,1
22914,1
22917,1
22955,1
22973,1
23014,1
23016,1
23022,1
23071,1
23090,1
23118,1
23126,1
23147,1
23156,1
23161,1
23206,1
23224,1
23228,1
23262,1
23331,1
23343,1
23365,1
23377,1
23390,1
23400,1
23403,1
23405,1
23411,1
23419,1
23457,1
23462,1
23467,1
23472,1
23484,1
23489,1
23498,1
23518,1
23521,1
23529,1
23532,1
23540,1
23547,1
23556,1
23568,1
23590,1
23591,1
23597,1
23598,1
23601,1
23606,2
23608,1
23612,1
23622,1
23636,1
23651,1
23652,1
23654,1
23657,1
23658,1
23665,1
23672,1
23675,1
23678,1
23680,1
23684,1
23688,1
23695,1
23703,1
23705,1
23707,1
23716,1
23717,1
23727,1
23745,1
23747,1
23754,1
23764,1
23765,1
23767,1
23779,1
23782,1
23789,1
23791,1
23806,1
23811,1
23819,1
23859,1
23913,1
23955,1
23970,1
24023,1
24080,1
24095,1
24097,1
24117,1
24120,1
24135,1
24153,1
24159,1
24167,1
24172,1
24195,1
24203,1
24211,1
24213,1
24247,1
24249,1
24292,1
24297,1
24302,1
24320,1
24327,1
24333,1
24338,1
24350,1
24353,1
24357,1
24371,1
24373,1
24387,1
24391,1
24400,1
24409,1
24412,1
24446,1
24454,1
24473,1
24483,1
24506,1
24510,1
24517,1
24540,1
24565,1
24582,1
24628,1
24652,1
24664,1
24700,1
24726,1
24731,1
24806,1
24814,1
24818,1
24881,1
24884,1
24986,1
24996,1
25043,1
25151,1
25160,1
25176,1
25228,1
25249,1
25253,2
25258,2
25259,1
25268,1
25290,1
25294,1
25295,1
25308,1
25310,1
25329,1
25339,1
25340,1
25342,2
25361,1
25367,1
25379,2
25384,1
25388,1
25407,1
25409,1
25412,2
25420,2
25423,1
25425,1
25430,1
25431,1
25451,1
25453,1
25454,1
25456,1
25474,2
25476,1
25477,1
25525,1
25544,1
25557,1
25604,1
25621,1
25655,1
25663,1
25714,1
25725,1
25735,1
25736,1
25751,1
25756,1
25762,1
25783,1
25790,1
25831,1
25837,1
25873,1
25962,1
25967,1
25978,1
25979,1
25993,1
25997,1
25999,1
26000,1
26012,1
26031,1
26032,1
26042,1
26066,1
26084,1
26086,1
26090,1
26092,1
26096,1
26109,1
26127,1
26130,1
26160,1
26197,1
26261,1
26293,1
26320,1
26340,1
26354,1
26361,1
26392,1
26443,1
26471,1
26473,1
26475,1
26476,1
26477,1
26479,1
26500,1
26519,1
26521,1
26573,1
26581,1
26596,1
26624,1
26649,1
26676,1
26694,1
26707,1
26744,1
26770,1
26780,1
26841,1
26858,1
26895,1
26912,2
26917,1
26918,4
26931,1
26967,2
26977,4
27017,4
27025,1
27039,3
27051,1
27082,1
27083,1
27093,2
27110,2
27122,2
27123,1
27126,2
27135,2
27157,1
27215,1
27216,3
27307,1
27462,1
27465,1
27505,1
27529,1
27580,1
27581,1
27603,1
27625,1
27672,1
27677,1
27759,1
27872,1
27877,1
27961,1
27966,1
27969,1
28032,1
28100,1
28105,1
28109,1
28112,1
28116,1
28133,1
28146,1
28157,1
28160,1
28191,1
28207,1
28210,1
28231,1
28234,1
28241,1
28244,1
28248,1
28249,1
28263,1
28266,1
28282,1
28286,1
28288,1
28295,1
28297,1
28303,1
28314,1
28318,1
28322,1
28326,1
28327,1
28330,1
28337,1
28344,1
28349,1
28363,1
28364,1
28367,1
28372,1
28374,1
28379,1
28392,1
28393,1
28394,1
28396,1
28400,1
28402,1
28403,1
28426,1
28430,1
28432,1
28434,1
28436,1
28445,1
28447,1
28449,1
28459,1
28469,1
28470,1
28472,1
28488,1
28497,1
28498,1
28513,1
28516,1
28518,1
28519,1
28523,1
28527,1
28531,1
28537,1
28539,1
28550,1
28556,1
28561,1
28564,1
28568,1
28570,1
28571,1
28610,1
28632,1
28634,1
28645,1
28654,1
28662,1
28754,1
28759,1
28760,1
28769,2
28771,1
28813,1
28814,1
28818,1
28819,1
28823,1
28826,1
28829,1
28848,1
28852,1
28855,1
28856,1
28859,1
28876,1
28881,2
28884,2
28901,1
28904,1
28912,1
28913,1
28922,1
28928,1
28945,1
28954,1
28955,1
28959,1
28976,1
28978,1
28987,1
28993,1
28999,1
29005,1
29007,1
29012,1
29029,1
29034,1
29037,1
29043,1
29061,1
29063,1
29080,1
29081,1
29094,1
29102,1
29105,1
29107,1
29114,1
29118,1
29122,1
29140,1
29193,1
29195,1
29202,1
29227,1
29260,1
29270,1
29271,1
29294,1
29346,1
29377,1
29383,1
29425,1
29438,1
29440,1
29460,1
29474,1
29481,1
29517,1
29524,1
29528,1
29529,1
29538,1
29543,1
29546,1
29548,1
29551,1
29557,1
29570,1
29573,1
29576,1
29581,1
29583,1
29587,1
29589,1
29598,1
29600,1
29608,1
29610,1
29612,1
29617,1
29618,1
29623,1
29628,1
29629,1
29635,1
29643,1
29644,1
29654,1
29665,1
29671,1
29674,1
29678,1
29681,1
29687,1
29692,1
29697,1
29700,1
29704,1
29708,1
29712,1
29713,1
29721,1
29722,1
29726,1
29741,1
29743,1
29749,1
29750,1
29765,1
29769,1
29775,1
29807,1
29813,1
29828,1
29834,1
29842,1
29882,1
29889,1
29894,1
29909,1
29938,1
30001,1
30002,1
30005,1
30008,1
30014,1
30022,1
30044,1
30046,1
30050,1
30052,1
30056,1
30061,1
30065,1
30068,1
30072,1
30073,1
30082,1
30099,1
30103,1
30105,1
30110,1
30115,1
30122,1
30127,1
30131,1
30137,1
30143,1
30145,1
30149,1
30151,1
30169,1
30185,1
30187,1
30189,1
30191,1
30200,1
30212,1
30218,1
30226,1
30295,2
30312,1
30335,1
30413,1
30457,1
30459,1
30461,1
30464,1
30467,1
30469,1
30472,1
30478,1
30483,1
30487,1
30488,1
30489,1
30499,1
30505,1
30509,1
30516,1
30517,1
30524,1
30529,1
30534,1
30539,1
30543,1
30545,1
30548,1
30564,1
30574,1
30578,1
30580,1
30583,1
30585,1
30586,1
30591,1
30592,1
30594,1
30597,1
30604,1
30606,1
30612,1
30614,1
30618,1
30621,1
30624,1
30625,1
30626,1
30635,1
30643,1
30644,1
30646,1
30652,1
30653,1
30654,1
30656,1
30659,1
30661,1
30662,1
30663,1
30664,1
30666,1
30670,1
30676,1
30680,1
30681,1
30682,1
30683,1
30696,1
30705,1
30706,1
30725,1
30744,1
30770,1
30811,1
30821,1
30826,1
30828,1
30837,1
30842,1
30855,1
30869,1
30871,1
30881,2
30884,1
30888,1
30920,1
30922,1
30956,1
30961,1
30968,1
30969,1
30985,1
30998,1
31035,1
31047,1
31054,1
31065,1
31085,1
31087,1
31095,1
31099,1
31100,1
31117,1
31131,1
31132,1
31139,1
31143,1
31154,1
31168,1
31176,1
31181,1
31187,1
31191,1
31196,1
31200,1
31217,1
31221,1
31225,1
31230,1
31235,1
31239,1
31243,1
31250,1
31253,1
31268,1
31270,1
31278,1
31287,1
31303,1
31310,1
31342,1
31365,1
31375,1
31378,1
31383,1
31386,1
31387,1
31396,1
31409,1
31414,1
31415,1
31428,1
31430,1
31432,1
31436,1
31444,1
31445,1
31450,1
31466,1
31473,1
31476,1
31477,1
31483,1
31487,1
31491,1
31493,1
31505,1
31509,1
31511,1
31512,1
31518,1
31520,1
31528,1
31535,1
31542,1
31556,1
31585,1
31588,1
31602,1
31606,1
31633,1
31648,1
31659,1
31669,1
31693,1
31711,1
31712,1
31777,1
31782,1
31785,1
31786,1
31797,1
31824,1
31831,1
31835,1
31840,1
31841,1
31843,1
31847,1
31848,1
31850,1
31851,1
31852,1
31861,1
31862,1
31863,1
31866,1
31869,1
31871,1
31872,1
31875,1
31877,1
31881,1
31882,1
31884,1
31885,1
31886,1
31887,1
31888,1
31891,1
31892,1
31893,1
31894,1
31895,1
31898,1
31899,1
31903,2
31906,1
31907,1
31911,1
31916,1
31917,1
31918,1
31919,1
31920,1
31921,1
31923,1
31926,1
31931,1
31932,1
31933,1
31934,1
31935,1
31938,1
31940,1
31943,1
31947,1
31949,1
31953,1
31954,1
31959,1
31961,1
31963,1
31964,1
31968,1
31969,1
31971,1
31972,1
31976,1
31979,1
31980,1
31981,1
31983,1
31986,1
31987,1
31989,1
31994,1
31996,1
31998,1
32001,1
32002,1
32003,1
32011,1
32012,1
32016,2
32019,2
32020,1
32021,1
32022,1
32026,1
32027,1
32028,1
32031,1
32032,1
32035,1
32049,1
32057,1
32060,1
32070,1
32078,1
32079,1
32081,1
32082,1
32089,1
32100,1
32106,1
32118,1
32122,1
32125,1
32132,1
32135,1
32136,1
32145,1
32148,1
32168,1
32169,1
32183,1
32192,1
32203,1
32204,1
32216,1
32219,1
32224,1
32231,1
32251,1
32261,1
32262,1
32264,1
32273,1
32277,1
32278,1
32286,1
32288,1
32298,1
32303,1
32326,1
32329,1
32334,1
32341,1
32342,1
32362,1
32369,1
32372,1
32376,1
32385,1
32396,1
32405,1
32406,1
32413,1
32418,1
32430,1
32432,1
32456,1
32459,1
32461,1
32470,1
32478,1
32487,1
32491,1
32499,1
32512,1
32521,1
32542,1
32543,1
32556,1
32558,1
32564,1
32581,1
32583,1
32589,1
32594,1
32596,1
32604,1
32620,1
32627,1
32633,1
32655,1
32660,1
32664,1
32675,1
32689,1
32694,1
32702,1
32727,1
32733,1
32745,1
32747,1
32776,1
32788,1
32795,1
32800,1
32814,1
32820,1
32836,1
32843,1
32848,1
32851,1
32853,1
32865,1
32867,1
32871,1
32882,1
32891,1
32896,1
32915,1
32918,1
32920,1
32936,1
32945,1
32947,1
32954,1
32958,1
32973,1
32978,1
32982,1
32986,1
32991,1
33001,1
33006,1
33009,1
33025,1
33040,1
33088,1
33089,1
33092,1
33101,1
33109,1
33113,1
33117,1
33118,1
33134,1
33143,1
33146,1
33147,1
33152,1
33159,1
33171,1
33175,1
33181,2
33187,1
33192,1
33193,1
33203,1
33210,1
33215,1
33220,1
33233,1
33238,2
33240,1
33242,1
33243,1
33246,1
33255,2
33263,1
33265,2
33268,1
33269,1
33273,1
33275,1
33279,1
33289,1
33291,1
33294,1
33299,1
33302,1
33316,1
33318,1
33321,1
33326,1
33327,1
33338,1
33341,1
33342,1
33347,1
33353,1
33361,1
33362,1
33363,1
33364,1
33367,1
33371,2
33376,1
33377,1
33389,1
33390,1
33391,1
33402,1
33403,1
33414,1
33419,1
33423,1
33430,1
33447,1
33453,3
33458,2
33459,1
33469,2
33484,2
33496,1
33499,2
33504,1
33515,1
33521,1
33530,1
33538,1
33541,2
33544,1
33561,1
33562,1
33576,1
33602,1
33605,1
33606,2
33610,1
33611,2
33622,3
33625,1
33628,1
33630,2
33633,1
33651,1
33652,1
33660,1
33669,2
33673,1
33674,1
33713,1
33734,1
33760,1
33775,1
33780,1
33791,1
33801,1
33802,1
33809,1
33829,1
33839,1
33849,1
33868,1
33869,1
33872,1
33951,1
33990,1
34042,1
34062,1
34063,1
34070,1
34079,1
34092,1
34106,1
34107,1
34114,1
34120,1
34127,1
34130,1
34131,1
34135,1
34145,1
34148,1
34149,1
34150,1
34151,1
34156,1
34158,1
34168,1
34170,1
34177,1
34179,1
34180,1
34184,1
34185,1
34186,1
34195,1
34196,1
34197,1
34198,1
34200,1
34209,1
34210,1
34216,1
34219,1
34221,1
34224,1
34229,1
34242,1
34246,1
34253,1
34254,1
34259,1
34262,1
34267,1
34268,1
34271,1
34274,1
34275,1
34280,1
34289,1
34295,1
34300,1
34303,1
34305,1
34308,1
34347,1
34444,1
34482,1
34520,1
34567,1
34599,1
34609,1
34633,1
34647,1
34659,1
34690,1
34692,1
34717,1
34762,1
34784,2
34796,1
34800,1
34814,1
34835,1
34872,1
34883,1
34897,1
34920,2
34954,1
34962,1
35001,3
35006,2
35050,4
35076,1
35153,1
35157,2
35221,1
35229,1
35240,1
35281,1
35338,1
35353,1
35434,1
35466,1
35494,1
35513,1
35525,1
35536,1
35559,1
35563,1
35564,1
35569,1
35576,1
35579,1
35582,1
35586,1
35589,1
35590,1
35669,1
35686,1
35730,1
35735,1
35783,1
35784,1
35853,1
35901,1
35902,1
35915,1
35925,1
35934,1
35966,1
36005,1
36012,1
36032,1
36050,1
36057,1
36069,1
36089,1
36112,1
36121,1
36128,1
36188,1
36208,1
36305,1
36404,1
36462,1
36522,1
36533,1
36542,1
36564,1
36572,1
36597,2
36660,1
36744,1
36747,1
36817,1
36833,1
36863,1
36864,1
36877,1
36903,1
36947,1
36968,1
37014,1
37027,1
37040,1
37089,1
37166,1
37218,1
37234,1
37264,1
37281,1
37283,1
37285,1
37294,1
37295,1
37296,1
37303,1
37312,1
37321,1
37323,1
37329,1
37330,1
37339,1
37362,1
37363,1
37368,1
37371,1
37372,1
37374,1
37377,1
37381,1
37382,1
37384,1
37405,1
37414,1
37415,1
37419,1
37427,1
37432,1
37433,1
37440,1
37450,1
37459,1
37462,1
37463,1
37470,1
37474,1
37475,1
37481,1
37485,1
37496,1
37501,1
37515,2
37610,1
37636,1
37641,1
37674,1
37679,1
37701,1
37718,1
37738,1
37755,1
37790,1
37793,1
37796,1
37824,1
37889,1
37944,1
37957,1
37965,1
38032,1
38043,1
38061,1
38083,1
38084,1
38121,1
38123,1
38147,1
38171,1
38193,1
38206,1
38209,1
38270,1
38293,1
38295,1
38302,1
38323,1
38332,1
38336,1
38350,1
38352,1
38353,1
38380,1
38474,4
38518,1
38522,1
38537,1
38595,1
38597,2
38652,1
38656,1
38695,1
38706,1
38756,1
38795,1
38854,1
38870,1
38943,1
38947,1
38959,1
38970,1
39034,1
39072,1
39087,1
39098,1
39106,1
39120,1
39125,1
39140,2
39156,1
39169,1
39170,1
39176,2
39182,1
39184,1
39186,1
39187,4
39202,2
39228,1
39242,1
39255,1
39263,1
39268,1
39291,1
39308,1
39327,1
39354,1
39361,1
39380,1
39399,1
39402,1
39441,1
39447,1
39470,1
39506,1
39510,1
39528,1
39540,1
39567,1
39671,1
39685,1
39702,1
39749,1
39759,1
39781,1
39809,1
39812,1
39815,1
39818,1
39833,1
39851,1
39908,1
40017,1
40032,1
40196,1
40207,1
40286,1
40301,1
40335,1
40353,1
40356,1
40357,1
40389,1
40396,1
40462,1
40464,1
40468,1
40515,2
40540,3
40573,1
40674,3
40686,1
40727,2
40729,1
40731,1
40753,1
40754,1
40757,1
40759,1
40767,1
40773,1
40777,1
40781,1
40787,1
40802,1
40809,1
40810,1
40819,1
40825,1
40828,1
40833,1
40835,1
40839,1
40840,1
40858,1
40864,1
40879,1
40883,1
40887,1
40888,1
40889,1
40890,1
40893,1
40906,1
40907,1
40917,1
40918,1
40923,1
40926,1
40928,1
40944,1
40949,1
40958,1
40961,1
40974,1
40999,1
41009,1
41040,1
41064,1
41098,2
41143,2
41146,1
41176,1
41189,1
41191,2
41211,1
41251,2
41253,3
41280,2
41283,2
41287,4
41317,1
41321,2
41338,2
41342,2
41344,2
41362,1
41367,1
41381,1
41413,2
41420,2
41429,2
41444,3
41507,1
41525,1
41530,1
41536,1
41553,1
41556,1
41568,1
41575,1
41579,1
41582,1
41602,1
41604,1
41605,1
41612,1
41624,1
41642,1
41646,1
41658,1
41665,1
41722,1
41725,1
41741,1
41745,1
41761,1
41766,1
41772,1
41774,1
41780,1
41781,1
41790,1
41798,1
41802,1
41803,1
41809,1
41813,1
41814,1
41815,1
41818,1
41835,1
41837,1
41842,1
41858,1
41867,1
41868,1
41896,1
41917,1
41927,1
41960,1
41977,1
41999,1
42027,1
42034,1
42047,1
42082,1
42123,1
42134,1
42176,1
42187,1
42193,1
42254,1
42260,1
42268,1
42270,1
42283,1
42286,1
42288,1
42289,1
42292,1
42308,1
42312,1
42319,1
42323,1
42325,1
42330,1
42339,1
42350,1
42357,1
42361,1
42366,1
42368,1
42370,1
42378,1
42379,1
42384,1
42387,1
42390,1
42395,1
42398,1
42406,1
42409,1
42412,1
42414,1
42417,1
42437,1
42438,1
42445,1
42460,1
42468,1
42475,1
42477,1
42487,1
42488,1
42491,1
42494,1
42497,1
42502,1
42504,1
42511,1
42513,1
42517,1
42536,1
42539,1
42551,1
42552,1
42561,1
42565,1
42579,1
42582,1
42584,1
42590,1
42613,1
42616,1
42634,1
42637,1
42673,1
42674,1
42687,1
42696,1
42698,1
42705,1
42711,1
42726,1
42733,1
42736,1
42745,1
42751,1
42756,1
42758,1
42768,1
42770,1
42772,1
42776,1
42782,2
42794,1
42797,1
42802,1
42804,1
42812,1
42824,1
42830,2
42833,1
42835,1
42843,1
42844,1
42859,1
42861,1
42866,1
42868,2
42869,1
42874,1
42881,1
42882,1
42883,1
42884,1
42889,1
42903,1
42905,1
42909,1
42910,1
42933,1
42935,1
42937,1
42939,2
42960,1
42961,1
42972,1
42980,1
42987,1
42997,1
43004,1
43160,2
43197,1
43213,1
43245,2
43266,1
43294,1
43336,1
43351,1
43354,1
43484,1
43502,1
43508,1
43553,1
43566,1
43578,1
43588,1
43594,1
43617,1
43639,1
43651,1
43659,1
43690,1
43708,1
43718,1
43726,1
43730,1
43773,1
43792,1
43798,1
43806,1
43825,1
43837,1
43858,1
43893,1
43905,1
43907,1
43919,1
43956,1
43957,1
43970,1
43971,1
43987,1
43990,1
44002,1
44008,1
44017,1
44027,1
44032,1
44034,1
44035,1
44036,1
44038,1
44039,1
44040,1
44041,1
44042,1
44046,1
44048,1
44051,1
44053,1
44054,1
44060,1
44062,1
44067,1
44071,1
44073,1
44074,1
44075,1
44078,1
44093,1
44096,1
44102,1
44106,1
44130,1
44131,1
44132,1
44134,1
44137,1
44140,1
44141,1
44144,1
44148,1
44149,1
44150,1
44153,1
44155,1
44156,1
44158,1
44159,1
44167,1
44172,1
44174,1
44186,1
44189,1
44192,1
44196,1
44205,1
44207,1
44210,1
44213,1
44214,1
44222,1
44226,1
44227,1
44228,1
44234,1
44242,1
44243,1
44244,1
44245,1
44263,1
44271,1
44291,1
44292,1
44313,1
44324,2
44325,1
44339,1
44351,1
44360,1
44366,1
44401,1
44407,1
44415,1
44434,1
44444,1
44455,1
44468,1
44470,1
44476,1
44494,1
44503,1
44512,1
44557,1
44562,1
44566,1
44570,1
44582,1
44596,1
44602,1
44610,1
44612,1
44617,1
44623,1
44629,1
44636,1
44639,1
44640,1
44671,1
44673,1
44680,1
44696,1
44703,1
44712,1
44721,1
44723,1
44741,1
44742,1
44748,1
44749,1
44823,1
44826,1
44877,1
44880,1
44912,1
44926,1
44937,1
44960,1
44982,1
45060,1
45070,1
45092,1
45112,1
45121,1
45128,1
45256,2
45258,4
45266,4
45270,2
45276,4
45282,2
45292,3
45296,2
45297,2
45315,4
45317,4
45342,3
45344,3
45345,4
45347,2
45376,3
45385,3
45390,4
45392,1
45396,2
45403,4
45413,3
45414,4
45416,4
45438,3
45439,4
45454,3
45473,3
45485,3
45496,2
45504,1
45525,1
45529,1
45539,1
45541,1
45546,1
45547,1
45553,1
45556,1
45560,1
45564,1
45567,1
45574,1
45590,1
45599,1
45600,1
45604,1
45610,1
45616,1
45630,1
45641,1
45663,1
45669,1
45678,1
45679,1
45686,1
45688,1
45692,1
45696,1
45704,2
45708,1
45724,1
45731,1
45734,1
45763,1
45772,1
45774,1
45775,1
45787,1
45788,1
45797,1
45799,1
45804,1
45819,1
45828,1
45862,1
45866,1
45872,1
45873,1
45891,1
45896,1
45900,1
45910,1
45913,1
45916,1
45917,1
45920,1
45925,1
45929,1
45930,1
45934,1
45941,1
45953,1
45965,1
45966,1
45984,1
45985,1
46002,1
46009,1
46018,1
46023,1
46031,1
46042,1
46043,1
46046,1
46058,1
46073,1
46076,1
46077,1
46078,1
46100,1
46103,1
46118,1
46119,1
46127,1
46129,1
46133,1
46137,1
46143,1
46144,1
46152,1
46166,1
46212,1
46213,1
46216,1
46219,1
46221,1
46281,1
46296,1
46311,1
46355,1
46381,1
46452,1
46506,1
46519,1
46586,1
46640,1
46644,1
46659,1
46670,1
46685,1
46709,1
46729,1
46736,1
46755,1
46760,1
46768,1
46780,1
46783,1
46791,1
46795,1
46802,1
46805,1
46808,1
46815,1
46818,1
46831,1
46835,1
46837,1
46844,1
46846,1
46852,1
46869,1
46876,1
46882,1
46889,1
46899,1
46906,1
46914,1
46919,1
46924,1
46934,1
46935,1
46937,1
46945,1
46946,1
46956,1
46961,1
46973,1
46974,1
47004,1
47007,1
47011,1
47012,1
47018,1
47021,1
47025,1
47039,1
47064,3
47073,2
47079,1
47084,1
47110,1
47133,1
47148,1
47152,1
47167,1
47176,1
47192,1
47200,1
47201,2
47203,1
47227,1
47234,1
47256,1
47259,1
47287,1
47306,1
47311,1
47322,1
47339,1
47371,1
47387,1
47424,1
47443,1
47469,1
47473,1
47487,1
47537,1
47558,1
47565,1
47566,1
47588,1
47600,1
47607,1
47647,1
47652,1
47660,1
47707,1
47724,1
47732,1
47753,1
47756,1
47763,1
47771,2
47789,1
47793,1
47808,1
47820,1
47869,1
47886,1
47905,1
47907,1
47932,1
47952,1
47967,2
47969,1
47978,1
47987,1
47999,1
48002,1
48050,1
48073,1
48088,1
48122,1
48123,1
48175,1
48185,1
48206,1
48285,1
48337,1
48379,1
48406,2
48426,1
48440,1
48459,1
48540,1
48564,1
48568,1
48607,1
48617,1
48661,1
48667,1
48668,1
48677,1
48682,1
48738,1
48770,1
48800,1
48803,1
48813,1
48819,1
48835,1
48975,1
49047,1
49083,1
49138,1
49140,1
49192,1
49224,1
49226,1
49257,1
49258,1
49262,1
49263,1
49283,1
49303,1
49306,1
49324,1
49328,1
49335,1
49355,1
49376,1
49398,1
49401,1
49404,1
49407,1
49409,1
49416,1
49444,1
49459,1
49461,1
49467,1
49468,1
49477,1
49488,1
49494,1
49497,1
49504,2
49507,1
49544,1
49572,1
49581,1
49590,1
49622,1
49630,2
49654,1
49655,1
49661,1
49669,1
49672,1
49681,1
49683,1
49718,1
49732,1
49737,1
49759,1
49780,1
49800,2
49809,1
49825,1
49849,1
49854,1
49861,1
49862,1
49876,1
49883,1
49895,1
49915,1
49925,1
49961,1
49979,1
49980,1
49986,1
50011,1
50017,1
50020,1
50025,2
50039,1
50053,1
50063,1
50070,1
50089,1
50095,1
50099,1
50111,1
50121,1
50127,1
50130,1
50155,1
50162,1
50166,1
50177,1
50198,1
50204,1
50237,1
50260,1
50263,1
50276,1
50282,1
50285,1
50309,1
50329,1
50356,1
50398,1
50407,1
50424,1
50436,1
50471,1
50477,1
50543,1
50601,1
50603,1
50609,1
50611,1
50614,1
50617,1
50621,1
50634,1
50635,1
50636,1
50639,1
50661,1
50665,1
50683,1
50691,2
50702,1
50709,1
50742,1
50768,1
50774,1
50788,1
50793,1
50798,1
50805,1
50810,1
50825,1
50830,1
50853,1
50872,1
50874,1
50877,1
50911,1
50914,1
50922,1
50938,1
50955,1
50963,1
50965,1
50967,1
50989,1
50993,1
50996,1
51002,1
51015,1
51034,1
51062,1
51064,1
51076,1
51085,1
51089,1
51096,1
51140,1
51147,1
51150,1
51176,1
51264,1
51277,1
51328,1
51331,1
51349,1
51390,1
51410,1
51425,1
51498,1
51512,1
51533,1
51650,1
51783,1
51799,1
51809,1
51828,1
51874,1
51917,1
51935,1
51938,1
51952,1
51955,1
51960,1
51968,1
51970,1
51979,1
51986,1
52027,1
52034,1
52064,1
52105,1
52122,1
52155,1
52156,1
52177,1
52183,1
52188,1
52190,1
52268,1
52278,1
52283,1
52319,1
52328,1
52351,1
52359,1
52364,1
52370,1
52373,1
52374,1
52376,1
52381,1
52387,1
52401,1
52403,1
52408,1
52409,1
52420,1
52425,1
52431,1
52434,1
52441,1
52456,1
52458,1
52459,1
52460,1
52462,1
52464,1
52466,1
52468,1
52471,1
52476,1
52487,1
52489,1
52490,1
52492,1
52493,1
52501,1
52503,1
52512,1
52520,1
52526,1
52544,1
52546,1
52549,1
52553,1
52554,1
52555,1
52558,1
52561,1
52565,1
52575,1
52581,1
52583,1
52584,1
52587,1
52591,1
52598,1
52601,1
52603,1
52604,1
52607,1
52614,1
52615,1
52617,1
52618,1
52621,1
52626,1
52628,1
52631,1
52635,1
52637,1
52649,1
52653,1
52684,1
52698,1
52730,1
52745,1
52775,1
52795,1
52910,2
52923,1
52952,1
52953,1
52968,1
52988,1
53049,1
53111,1
53122,1
53176,1
53283,1
53299,1
53390,1
53423,1
53498,1
53537,1
53551,1
53585,1
53605,2
53612,1
53640,1
53647,1
53648,1
53662,1
53677,1
53684,1
53695,1
53755,1
53793,1
53819,1
53839,1
53912,1
53973,1
54048,1
54049,1
54085,1
54098,1
54119,1
54140,1
54155,1
54192,1
54226,1
54257,1
54268,1
54280,1
54303,1
54323,1
54341,1
54346,1
54350,1
54364,1
54372,1
54374,1
54405,1
54408,1
54411,1
54463,1
54484,1
54513,1
54520,1
54527,1
54632,2
54682,1
54785,1
54786,1
54794,1
54819,1
54848,1
54916,1
54967,1
54979,1
55003,1
55019,2
55030,3
55040,2
55042,1
55075,1
55100,1
55108,1
55124,1
55155,3
55159,2
55181,1
55202,1
55215,2
55222,3
55245,1
55305,2
55312,1
55317,1
55360,2
55396,1
55406,1
55409,2
55439,1
55478,1
55495,2
55507,1
55539,3
55546,1
55548,2
55565,1
55569,2
55571,1
55577,1
55681,1
55724,1
55736,1
55755,1
55761,1
55802,1
55812,1
55833,1
55838,1
55842,1
55876,1
56000,1
56034,1
56056,1
56087,1
56186,1
56188,1
56194,1
56201,1
56203,2
56204,1
56212,1
56226,1
56229,1
56232,1
56237,2
56240,1
56242,1
56244,1
56245,1
56247,1
56250,1
56263,1
56266,1
56272,1
56278,2
56281,1
56291,1
56294,1
56295,1
56298,2
56302,2
56303,2
56304,1
56306,1
56309,1
56310,1
56318,1
56321,1
56322,1
56323,1
56327,1
56328,1
56329,1
56333,2
56348,1
56350,1
56351,1
56359,1
56361,2
56363,1
56364,1
56366,1
56370,1
56373,1
56376,1
56378,1
56386,1
56387,1
56392,1
56395,1
56400,1
56408,1
56411,1
56416,1
56418,1
56422,1
56423,1
56427,1
56428,1
56436,2
56437,1
56439,1
56443,1
56444,1
56447,1
56448,1
56453,1
56457,1
56469,1
56473,1
56474,1
56482,2
56485,2
56493,1
56509,2
56513,1
56519,2
56523,1
56532,1
56540,2
56571,1
56587,1
56594,2
56612,1
56615,1
56622,1
56624,1
56628,1
56633,1
56640,1
56641,1
56645,1
56650,1
56662,2
56671,1
56676,2
56681,1
56684,1
56692,2
56693,1
56703,2
56705,1
56712,1
56713,1
56722,1
56727,1
56735,1
56744,1
56748,2
56753,1
56762,2
56768,1
56771,1
56779,1
56803,1
56828,1
56832,1
56855,1
56873,1
56879,1
56880,1
56888,1
56900,1
56903,1
56904,1
56997,1
57000,1
57001,1
57030,1
57044,1
57063,1
57071,1
57089,2
57090,2
57091,1
57098,2
57105,1
57107,1
57118,1
57119,2
57120,1
57131,1
57149,1
57156,1
57159,2
57160,2
57162,1
57163,1
57164,1
57166,1
57172,1
57173,2
57174,2
57176,2
57185,1
57191,1
57196,2
57207,1
57210,1
57219,1
57224,1
57229,1
57230,2
57232,1
57234,1
57248,1
57252,1
57255,2
57256,1
57261,1
57274,1
57278,1
57284,1
57294,1
57296,2
57297,1
57306,1
57309,1
57317,1
57320,2
57321,1
57330,2
57336,1
57340,1
57341,1
57345,1
57349,1
57351,1
57390,1
57434,1
57442,1
57453,1
57467,1
57474,1
57498,1
57522,1
57600,1
57619,1
57631,1
57633,1
57663,1
57688,1
57742,1
57765,1
57783,1
57823,1
57829,1
57943,1
57973,1
57982,1
57995,1
57998,1
58007,1
58044,1
58056,1
58089,1
58167,1
58174,1
58206,1
58291,2
58300,1
58311,1
58325,1
58342,1
58355,1
58364,1
58376,1
58379,1
58388,2
58450,1
58451,1
58479,1
58493,1
58499,1
58506,1
58525,1
58534,1
58552,1
58563,1
58569,1
58571,1
58575,1
58586,1
58598,1
58601,2
58618,1
58629,1
58639,1
58645,1
58648,1
58650,1
58652,1
58664,1
58666,1
58667,1
58673,1
58678,1
58680,1
58695,2
58713,3
58717,1
58720,1
58722,1
58723,1
58736,1
58747,1
58773,1
58777,1
58779,1
58787,2
58798,1
58804,1
58813,1
58817,1
58818,1
58826,1
58887,1
58956,1
58982,1
58990,1
59009,1
59019,1
59130,1
59131,1
59148,1
59244,1
59300,1
59302,1
59362,1
59402,1
59420,1
59424,1
59425,1
59429,1
59436,1
59452,1
59455,1
59459,1
59466,1
59468,1
59475,1
59487,1
59492,1
59498,1
59500,1
59517,1
59519,1
59538,1
59558,1
59565,1
59568,1
59576,1
59588,1
59591,1
59595,1
59598,1
59606,1
59613,1
59617,1
59619,1
59626,1
59627,1
59635,1
59646,1
59648,1
59650,1
59668,1
59671,1
59687,1
59690,1
59693,1
59699,1
59741,2
59790,1
59823,1
59824,1
59878,1
59890,1
59909,1
59916,1
59954,1
59987,1
59989,1
60010,1
60031,1
60079,1
60179,1
60183,1
60206,1
60208,1
60231,1
60234,1
60237,1
60251,1
60253,1
60258,1
60259,1
60264,1
60265,1
60272,1
60274,1
60281,1
60284,1
60305,1
60308,1
60312,1
60325,1
60326,1
60327,1
60331,1
60335,1
60336,1
60341,1
60346,1
60354,1
60382,1
60391,1
60394,1
60398,1
60399,1
60401,1
60402,1
60425,1
60427,1
60436,1
60442,1
60445,1
60446,1
60447,1
60450,1
60469,1
60479,1
60491,1
60496,1
60497,1
60499,1
60523,1
60574,3
60576,2
60652,4
60665,2
60669,1
60681,3
60730,3
60756,1
60758,1
60791,1
60829,1
60848,1
60863,1
60873,1
60876,1
60934,1
60985,1
60991,1
61000,1
61005,1
61010,1
61011,1
61014,1
61021,1
61033,1
61034,1
61038,1
61044,1
61045,1
61046,1
61054,1
61066,1
61069,1
61079,1
61081,1
61085,1
61087,1
61088,1
61104,1
61118,1
61122,1
61125,1
61131,1
61134,1
61135,1
61136,1
61144,1
61146,1
61149,1
61150,1
61154,1
61155,1
61161,1
61166,1
61167,1
61169,1
61173,1
61179,1
61185,1
61187,1
61193,1
61197,1
61198,1
61206,1
61213,1
61225,1
61230,1
61232,1
61238,1
61242,1
61243,1
61271,1
61323,1
61393,1
61452,1
61479,1
61495,1
61503,1
61523,1
61531,1
61538,1
61556,1
61559,1
61562,1
61570,1
61583,1
61584,1
61594,1
61596,1
61600,1
61603,1
61608,1
61625,1
61634,1
61641,1
61663,1
61671,1
61679,1
61681,1
61683,1
61684,1
61690,1
61701,1
61702,1
61703,2
61704,2
61714,1
61719,1
61732,2
61733,1
61735,1
61738,1
61742,1
61745,1
61764,1
61773,1
61789,1
61790,1
61810,1
61811,1
61827,1
61831,1
61839,1
61847,1
61852,1
61855,1
61864,1
61871,1
61872,1
61879,1
61884,1
61886,1
61888,1
61906,1
61910,1
61922,1
61932,1
61937,1
61939,1
61948,1
61954,1
61960,1
61982,1
61983,1
61989,1
61998,1
61999,1
62002,1
62011,1
62016,1
62023,1
62025,1
62031,1
62033,1
62035,1
62044,1
62048,1
62049,1
62052,1
62053,1
62065,1
62075,1
62078,1
62082,1
62085,1
62088,1
62095,1
62101,1
62104,1
62110,1
62120,1
62133,1
62139,1
62157,1
62167,1
62172,1
62175,1
62180,1
62183,1
62186,1
62200,1
62215,1
62222,1
62230,1
62234,1
62236,1
62239,1
62250,1
62282,1
62284,1
62296,1
62341,1
62342,1
62345,1
62351,1
62383,1
62387,1
62393,1
62401,1
62422,1
62488,1
62502,1
62509,1
62510,1
62520,1
62525,1
62526,1
62532,1
62538,1
62545,1
62547,1
62550,1
62560,1
62579,1
62581,1
62611,1
62613,1
62615,1
62617,1
62634,1
62638,1
62649,1
62650,1
62652,1
62655,1
62660,1
62665,1
62690,1
62708,1
62723,1
62745,1
62749,1
62762,1
62783,1
62789,1
62862,1
62888,1
62948,1
62966,1
63003,1
63018,1
63034,1
63052,1
63056,1
63070,1
63093,1
63158,1
63176,1
63222,1
63255,1
63258,1
63260,1
63285,1
63299,1
63301,1
63320,1
63329,1
63331,1
63336,1
63341,1
63348,1
63365,1
63382,1
63385,1
63399,1
63406,1
63409,1
63413,1
63415,1
63419,1
63429,1
63430,1
63432,1
63454,1
63464,1
63466,1
63469,1
63473,1
63483,1
63515,1
63518,1
63533,1
63545,1
63550,1
63558,1
63628,1
63659,1
63676,1
63695,1
63711,1
63722,1
63755,1
63756,2
63766,1
63864,1
63870,1
63934,1
64025,1
64034,1
64045,1
64096,1
64107,1
64146,1
64168,1
64184,1
64186,1
64208,1
64224,1
64232,1
64299,1
64305,1
64403,1
64432,1
64526,1
64536,1
64543,1
64569,1
64581,1
64583,1
64595,1
64599,1
64608,1
64622,1
64652,1
64663,1
64673,1
64674,1
64681,1
64688,1
64700,1
64721,1
64722,1
64728,1
64740,1
64743,1
64745,1
64747,1
64754,1
64780,1
64891,1
64920,1
65029,1
65037,1
65042,1
65061,2
65073,1
65091,1
65112,1
65119,1
65142,1
65149,1
65272,1
65278,1
65282,1
65288,1
65298,1
65301,1
65304,1
65306,1
65335,1
65338,1
65359,1
65375,1
65388,1
65389,1
65394,1
65414,1
65456,1
65464,1
65471,1
65486,1
65497,1
65501,1
65504,1
65513,1
65519,1
65549,1
65552,1
65593,1
65624,1
65649,1
65654,1
65657,1
65674,1
65681,1
65726,1
65739,1
65744,1
65746,1
65763,1
65766,1
65777,1
65782,1
65783,1
65792,1
65796,1
65805,1
65814,1
65816,1
65822,1
65833,1
65834,1
65840,1
65843,1
65845,1
65851,1
65856,1
65858,1
65864,1
65889,1
65904,1
65909,1
65922,1
65926,1
65927,1
65934,1
65936,1
65943,1
65946,1
65950,1
65951,1
65953,1
65960,1
65963,1
65964,1
65971,1
65976,1
65977,1
65982,2
65989,1
65990,1
65991,1
66004,1
66050,1
66053,1
66089,1
66096,1
66121,1
66126,1
66134,1
66164,1
66194,1
66202,1
66252,1
66265,1
66269,1
66278,1
66284,1
66298,1
66307,1
66315,1
66320,1
66321,1
66331,1
66339,1
66355,1
66362,1
66366,1
66384,1
66391,1
66392,1
66393,1
66397,1
66400,1
66414,1
66417,1
66419,1
66431,1
66437,1
66440,1
66446,1
66458,1
66459,1
66475,1
66478,1
66480,1
66485,1
66486,1
66487,1
66489,1
66491,1
66492,1
66494,1
66519,1
66540,1
66561,1
66577,1
66618,1
66619,1
66631,1
66671,1
66682,1
66683,1
66692,1
66693,1
66694,1
66712,1
66718,1
66721,1
66747,1
66775,1
66781,1
66785,1
66804,1
66830,1
66888,1
66917,1
66930,1
67003,1
67015,1
67018,1
67027,1
67080,1
67083,1
67084,1
67088,1
67101,1
67103,1
67108,1
67114,1
67117,1
67120,1
67124,1
67128,1
67130,1
67131,1
67152,1
67156,1
67159,1
67162,1
67164,1
67166,1
67168,1
67177,1
67189,1
67197,1
67205,1
67213,1
67231,1
67232,1
67235,1
67240,1
67321,1
67331,1
67368,2
67375,2
67393,1
67421,3
67451,2
67492,3
67540,1
67552,1
67565,1
67590,1
67599,1
67601,2
67636,1
67648,1
67679,1
67694,1
67706,1
67733,1
67803,1
67817,1
67821,1
67823,1
67833,1
67849,1
67886,1
67900,1
67901,1
67908,1
67932,1
67937,1
67952,1
68001,1
68003,1
68006,1
68012,1
68013,1
68016,1
68019,1
68031,1
68034,1
68043,1
68044,1
68051,1
68057,1
68064,1
68067,1
68076,1
68089,1
68093,1
68094,1
68120,1
68127,1
68155,1
68159,1
68164,1
68165,1
68168,1
68169,1
68177,1
68182,1
68198,1
68208,1
68221,1
68232,1
68238,1
68240,1
68245,1
68260,1
68264,1
68270,1
68275,1
68293,1
68369,1
68370,1
68388,1
68394,1
68406,1
68412,1
68446,1
68456,1
68484,1
68493,1
68504,1
68547,1
68548,1
68556,1
68570,2
68571,1
68577,1
68590,1
68645,1
68658,1
68663,1
68679,2
68683,2
68756,1
68762,1
68765,1
68767,1
68772,1
68775,1
68779,1
68837,1
68864,1
68875,1
68883,1
68912,1
68924,1
68929,1
68932,1
68943,1
68944,1
68972,1
68999,1
69046,3
69065,1
69089,2
69092,1
69109,1
69113,2
69153,1
69218,1
69232,1
69245,2
69256,1
69286,1
69295,1
69299,1
69324,1
69347,1
69363,1
69369,1
69396,1
69413,1
69436,1
69472,1
69488,1
69490,1
69504,1
69509,1
69511,1
69519,1
69526,1
69537,1
69538,1
69550,1
69553,1
69556,1
69558,1
69566,1
69572,1
69576,1
69577,1
69578,1
69587,1
69592,1
69593,1
69613,1
69618,1
69623,1
69630,1
69631,1
69633,1
69638,1
69640,1
69659,1
69660,1
69671,1
69687,1
69694,1
69697,1
69703,1
69710,1
69717,1
69721,1
69723,1
69724,1
69727,1
69728,1
69736,1
69744,1
69746,1
69755,1
69758,1
69770,1
69777,1
69790,1
69797,2
69798,1
69838,1
69849,1
69853,1
69858,1
69871,1
69884,1
69894,2
69902,1
69908,1
69921,1
69924,1
69972,1
69978,2
70000,1
70001,1
70007,1
70009,1
70013,1
70015,1
70016,1
70023,1
70028,1
70040,1
70042,1
70043,1
70044,1
70051,1
70086,1
70093,1
70095,1
70119,1
70124,1
70143,1
70154,1
70162,1
70176,1
70178,1
70180,1
70186,1
70192,1
70195,1
70203,1
70207,1
70209,1
70210,1
70211,1
70220,2
70221,2
70242,1
70248,1
70278,2
70281,1
70291,1
70295,1
70306,1
70318,1
70328,1
70329,1
70331,1
70339,1
70340,1
70342,1
70348,1
70350,1
70368,1
70372,2
70400,1
70403,1
70406,1
70412,1
70434,1
70444,1
70458,1
70459,1
70478,1
70483,1
70486,1
70499,2
70521,1
70532,1
70539,1
70540,1
70541,2
70547,1
70599,1
70641,1
70657,2
70665,2
70666,1
70667,2
70673,1
70679,1
70684,1
70687,1
70691,1
70711,2
70719,1
70724,3
70751,2
70755,1
70767,2
70769,1
70773,2
70775,2
70777,1
70788,1
70789,2
70804,1
70806,3
70815,1
70824,2
70826,1
70827,1
70828,2
70837,1
70839,4
70842,1
70843,2
70848,1
70852,2
70854,1
70860,3
70869,2
70877,1
70919,1
70935,1
70939,2
70943,1
70952,1
70953,1
70986,1
71044,1
71116,1
71117,1
71128,1
71162,1
71175,1
71182,1
71194,1
71204,1
71226,1
71238,1
71247,1
71253,1
71254,1
71255,1
71257,1
71275,1
71290,1
71299,1
71324,1
71359,1
71395,1
71409,1
71430,1
71432,1
71535,3
71537,2
71542,3
71549,2
71550,1
71553,4
71556,2
71561,2
71565,1
71566,2
71582,3
71586,1
71591,4
71593,3
71594,2
71597,2
71608,2
71609,3
71612,2
71633,4
71636,2
71644,3
71662,3
71667,3
71693,3
71703,3
71706,3
71709,2
71711,1
71712,3
71722,3
71724,1
71727,2
71729,4
71736,1
71782,1
71797,3
71850,1
71865,1
71886,1
71892,1
71908,1
71928,1
71932,1
71945,1
71998,1
72041,1
72083,1
72101,1
72138,1
72142,1
72180,1
72198,1
72201,1
72204,1
72209,1
72242,2
72244,1
72272,1
72279,1
72281,1
72301,1
72310,1
72315,1
72320,1
72350,1
72359,1
72403,1
72410,1
72454,1
72461,1
72501,1
72542,1
72557,1
72603,1
72616,1
72620,1
72627,1
72630,1
72631,1
72634,1
72637,2
72638,1
72639,2
72647,1
72652,1
72655,1
72657,1
72658,1
72664,1
72670,1
72674,1
72681,1
72682,1
72685,1
72686,1
72687,1
72696,1
72699,1
72707,1
72711,1
72712,1
72713,1
72716,1
72718,1
72719,1
72720,1
72736,1
72738,1
72740,1
72741,1
72745,1
72746,1
72748,4
72753,1
72755,2
72762,1
72763,1
72767,1
72769,2
72773,1
72775,1
72778,1
72779,2
72781,1
72785,1
72788,1
72796,1
72797,1
72801,2
72803,1
72808,1
72812,1
72813,1
72816,1
72818,1
72821,2
72825,2
72827,1
72831,1
72958,1
72960,1
72991,1
73031,1
73034,1
73042,1
73043,1
73060,1
73074,1
73081,1
73086,1
73089,1
73096,1
73099,1
73100,1
73117,1
73169,1
73193,1
73194,1
73201,1
73205,1
73209,1
73210,1
73220,1
73224,1
73231,1
73245,1
73265,1
73275,1
73302,1
73308,1
73314,1
73352,1
73362,1
73381,1
73405,1
73437,1
73443,1
73461,1
73462,1
73478,1
73482,1
73509,1
73512,1
73545,1
73549,1
73561,1
73592,1
73616,1
73619,1
73626,1
73631,1
73633,1
73650,1
73656,1
73668,1
73676,1
73679,1
73683,1
73687,1
73688,1
73694,1
73699,1
73706,1
73707,1
73709,1
73712,1
73713,1
73714,1
73716,1
73720,1
73722,1
73726,1
73729,1
73730,1
73735,1
73737,1
73738,1
73740,1
73743,1
73744,1
73747,1
73749,1
73753,1
73762,1
73765,1
73774,1
73775,1
73777,1
73779,1
73782,1
73785,1
73786,1
73790,1
73793,1
73794,1
73797,1
73798,1
73803,1
73807,1
73808,1
73812,1
73813,1
73815,1
73816,1
73817,1
73818,1
73821,1
73825,1
73832,1
73837,1
73838,1
73840,1
73844,1
73847,1
73852,1
73855,1
73857,1
73859,1
73860,1
73861,1
73864,1
73868,1
73871,1
73872,1
73873,1
73876,1
73881,1
73885,2
73887,1
73888,1
73890,1
73903,1
73907,1
73908,1
73909,1
73910,1
73912,1
73914,1
73920,1
73922,1
73934,1
73949,1
73951,1
73976,1
73978,1
73980,1
73991,1
73993,2
74010,1
74014,1
74022,1
74024,1
74027,2
74028,1
74029,1
74032,1
74033,1
74045,1
74052,1
74054,1
74055,1
74062,1
74063,1
74076,1
74095,1
74098,1
74104,1
74105,1
74109,1
74117,1
74119,1
74123,2
74139,1
74143,1
74156,1
74157,1
74165,1
74172,1
74175,1
74176,1
74184,2
74190,1
74197,1
74206,1
74207,1
74209,1
74210,3
74212,1
74217,1
74223,2
74231,1
74232,1
74237,1
74241,1
74246,1
74256,1
74257,1
74259,1
74263,2
74267,1
74269,1
74274,1
74286,1
74296,1
74297,1
74301,1
74303,1
74304,1
74308,1
74312,1
74316,1
74328,2
74331,1
74343,2
74347,1
74350,1
74354,1
74355,1
74356,1
74360,1
74373,1
74377,1
74408,1
74415,1
74421,1
74432,2
74453,1
74468,1
74478,1
74506,1
74511,1
74512,1
74531,1
74538,1
74541,1
74551,1
74556,1
74616,1
74620,1
74644,1
74648,1
74656,1
74678,1
74705,1
74706,1
74709,1
74726,1
74740,1
74745,1
74749,1
74753,1
74755,1
74774,1
74783,1
74822,1
74847,1
74865,1
74874,1
74879,1
74893,1
74900,1
74917,1
74919,1
74932,1
74938,1
74939,1
74944,1
74951,1
74998,1
75016,1
75088,1
75120,1
75134,1
75146,1
75183,1
75206,1
75221,1
75243,1
75249,1
75281,1
75293,1
75298,1
75309,1
75311,1
75328,1
75354,2
75365,1
75451,1
75454,1
75483,1
75489,1
75490,1
75493,1
75495,1
75500,1
75501,1
75503,1
75505,1
75506,1
75520,1
75538,1
75588,1
75597,1
75600,1
75610,1
75615,1
75633,1
75634,1
75638,1
75664,1
75665,1
75670,1
75676,1
75686,1
75687,1
75699,1
75705,1
75710,1
75724,1
75731,1
75732,1
75734,1
75739,1
75740,1
75756,1
75770,1
75796,1
75804,1
75807,1
75813,1
75823,1
75825,1
75827,1
75845,1
75864,1
75869,1
75880,1
75887,1
75906,2
75910,1
75926,1
75933,1
75939,1
75948,1
75958,1
75961,1
75964,1
75967,1
75969,1
75980,1
75985,1
75998,1
76002,1
76026,1
76034,1
76035,1
76084,1
76093,1
76096,1
76099,1
76101,1
76141,1
76149,1
76155,1
76171,1
76179,1
76180,1
76205,1
76216,1
76226,1
76249,1
76250,1
76256,1
76266,1
76321,1
76332,1
76359,1
76371,1
76378,1
76382,1
76402,1
76415,1
76417,1
76418,1
76421,1
76456,1
76472,1
76473,1
76502,1
76505,1
76530,1
76591,1
76622,1
76639,1
76660,1
76746,1
76754,1
76761,1
76763,1
76769,1
76770,1
76778,1
76790,1
76796,1
76799,1
76800,1
76808,1
76815,1
76818,1
76826,1
76827,1
76828,1
76835,1
76839,1
76840,1
76844,1
76847,1
76852,2
76859,1
76861,1
76862,1
76870,1
76872,1
76875,1
76877,1
76898,1
76905,1
76906,1
76907,1
76909,1
76910,1
76918,1
76926,1
76928,1
76934,1
76944,1
76946,1
76957,1
76960,1
76961,1
76973,1
77018,1
77062,1
77103,1
77142,1
77168,2
77189,1
77244,1
77262,1
77338,1
77369,1
77383,1
77497,1
77499,1
77517,1
77519,1
77621,1
77628,2
77650,1
77680,1
77698,1
77724,1
77739,1
77741,1
77745,1
77746,1
77757,1
77782,1
77795,1
77806,1
77857,1
77894,1
77899,1
77900,1
77920,1
77933,1
77937,1
77944,1
77959,2
77968,1
77985,1
77986,1
77991,1
77999,1
78011,1
78015,1
78034,1
78067,1
78069,1
78070,1
78072,1
78082,1
78095,1
78102,1
78114,1
78125,1
78132,1
78144,1
78149,1
78151,1
78157,1
78158,1
78160,1
78185,1
78203,1
78204,1
78206,1
78207,1
78222,1
78239,1
78259,1
78272,1
78274,1
78279,1
78291,1
78299,1
78322,1
78329,1
78332,1
78352,1
78356,1
78367,1
78389,1
78407,1
78410,1
78417,1
78418,1
78423,1
78434,1
78435,1
78444,1
78462,1
78464,1
78467,1
78499,1
78538,1
78539,1
78626,1
78651,1
78708,1
78711,1
78737,1
78758,1
78774,1
78776,1
78796,1
78805,1
78820,1
78832,1
78834,1
78852,1
78876,1
78896,1
78898,1
78935,1
78977,1
78979,1
78998,1
79027,1
79028,1
79029,1
79033,1
79043,1
79051,1
79052,1
79137,1
79145,1
79146,1
79162,1
79163,1
79167,1
79177,1
79182,1
79186,1
79201,2
79214,1
79215,1
79217,1
79226,1
79237,1
79244,1
79253,1
79262,1
79269,1
79284,1
79293,1
79294,1
79310,1
79325,1
79340,1
79348,1
79350,1
79351,1
79367,1
79375,1
79377,1
79382,1
79388,1
79391,1
79394,1
79402,1
79405,1
79424,1
79448,1
79468,1
79501,1
79505,1
79508,2
79558,2
79561,1
79576,1
79592,1
79627,1
79633,1
79672,1
79675,1
79698,1
79723,1
79739,1
79758,1
79803,1
79815,1
79833,1
79855,1
79863,1
79873,1
79877,1
79878,1
79889,1
79893,1
79911,1
79939,1
79960,1
79969,1
79983,1
79989,1
80061,1
80072,1
80109,2
80121,1
80126,1
80127,2
80140,2
80187,2
80232,1
80239,1
80245,1
80268,1
80328,1
80337,1
80338,2
80339,1
80357,1
80363,1
80383,1
80417,1
80419,1
80423,1
80433,1
80443,1
80445,1
80510,1
80540,1
80543,2
80572,1
80594,1
80602,1
80619,1
80632,1
80637,1
80641,1
80658,1
80714,1
80734,1
80742,1
80747,1
80774,1
80823,1
80830,1
80839,1
80870,1
80909,1
80912,1
80925,1
80935,1
80939,1
80944,1
80947,1
80952,1
80953,1
80958,1
80959,1
80978,1
80984,1
80993,1
80995,1
80999,1
81007,1
81009,1
81014,2
81032,1
81034,1
81037,1
81039,1
81046,1
81050,1
81068,1
81069,1
81074,1
81078,1
81093,1
81094,1
81101,1
81102,1
81107,1
81111,1
81112,1
81113,1
81116,1
81118,1
81119,1
81121,1
81125,1
81126,1
81131,1
81142,1
81194,1
81203,1
81210,1
81221,1
81329,1
81349,1
81366,1
81370,1
81386,1
81403,1
81423,1
81425,1
81429,1
81450,1
81511,1
81512,1
81524,1
81534,1
81556,1
81634,1
81644,1
81647,2
81679,1
81685,1
81728,1
81733,1
81746,1
81763,1
81767,1
81779,3
81785,1
81800,1
81804,1
81806,1
81808,1
81824,1
81826,1
81849,1
81854,1
81862,1
81863,1
81866,1
81869,1
81890,1
81896,1
81911,1
81913,1
81936,1
81947,1
81978,1
82011,1
82031,1
82040,1
82042,1
82055,1
82064,1
82066,1
82092,1
82130,1
82156,1
82161,1
82162,1
82166,1
82183,1
82187,1
82194,1
82197,1
82200,1
82203,1
82217,1
82218,1
82233,1
82236,1
82238,1
82267,1
82276,1
82284,1
82342,1
82379,1
82436,1
82439,1
82442,1
82466,1
82494,1
82496,1
82530,1
82541,1
82553,1
82592,1
82593,1
82597,1
82613,1
82615,1
82637,1
82655,1
82673,1
82675,1
82683,1
82693,1
82730,1
82737,1
82739,1
82740,1
82747,1
82751,1
82753,1
82754,1
82756,1
82762,1
82763,1
82773,1
82788,1
82789,1
82793,1
82796,1
82799,2
82800,1
82801,1
82802,1
82809,1
82810,1
82814,1
82816,1
82818,1
82825,1
82831,1
82836,1
82844,1
82846,1
82847,1
82850,1
82854,1
82858,1
82864,1
82871,1
82879,1
82882,1
82883,1
82884,1
82885,1
82892,1
82894,1
82897,1
82898,1
82903,1
82908,1
82928,1
82929,2
82930,1
82933,1
82935,1
82936,1
82941,1
82942,1
82946,1
82953,1
82954,1
82965,1
82969,1
82973,2
82974,2
82978,1
82979,2
82981,2
82986,1
82989,1
82992,1
82994,1
82996,1
82997,1
83005,3
83007,2
83014,1
83017,2
83018,2
83021,3
83022,1
83023,1
83026,2
83031,1
83032,2
83034,2
83039,3
83042,1
83044,2
83048,1
83055,1
83056,2
83058,2
83059,1
83060,1
83061,2
83062,2
83070,1
83072,2
83074,2
83077,2
83078,2
83080,1
83081,1
83087,2
83089,2
83092,2
83093,2
83095,2
83098,2
83104,1
83105,3
83106,1
83108,1
83113,3
83115,1
83116,2
83117,3
83121,2
83122,1
83128,2
83129,1
83131,2
83135,2
83136,2
83137,2
83138,4
83140,1
83142,1
83143,2
83144,1
83151,2
83158,2
83159,2
83160,1
83161,1
83162,2
83166,2
83168,1
83170,1
83171,1
83172,1
83175,2
83178,1
83179,1
83180,1
83184,3
83187,2
83189,2
83192,1
83213,1
83229,1
83260,1
83265,1
83267,1
83279,1
83291,1
83320,1
83336,1
83352,1
83363,1
83367,1
83379,1
83396,1
83408,1
83435,1
83454,1
83456,1
83462,1
83482,1
83485,1
83489,1
83491,1
83507,1
83510,1
83516,1
83519,1
83527,1
83534,1
83536,1
83543,1
83547,1
83590,1
83597,1
83611,1
83623,1
83633,1
83644,1
83674,1
83760,1
83785,1
83816,1
83825,1
83836,1
83840,1
83861,1
83872,1
83924,1
83931,1
83960,1
83985,1
84002,1
84038,1
84047,1
84123,2
84124,1
84152,1
84158,1
84185,1
84195,1
84209,1
84212,1
84236,1
84238,1
84244,1
84264,1
84269,1
84279,1
84280,1
84296,1
84323,1
84326,1
84330,1
84334,1
84338,1
84343,1
84345,1
84348,1
84367,1
84370,1
84374,1
84375,1
84380,1
84399,1
84406,2
84410,1
84413,1
84416,1
84418,1
84423,1
84427,1
84434,2
84440,1
84450,1
84456,1
84458,1
84459,1
84461,1
84470,1
84475,1
84491,1
84506,1
84515,1
84517,1
84533,1
84538,1
84541,1
84543,1
84544,1
84546,1
84551,1
84557,1
84564,1
84566,1
84588,1
84597,2
84598,1
84604,1
84617,2
84635,3
84684,1
84728,1
84733,1
84745,1
84748,1
84772,1
84794,1
84802,1
84824,1
84825,1
84831,1
84836,1
84843,1
84849,1
84850,1
84859,1
84867,1
84887,1
84889,1
84893,1
84902,1
84925,1
84926,1
84952,1
84980,1
84986,1
84991,1
84998,1
85000,1
85015,1
85016,1
85024,1
85039,1
85047,1
85054,1
85073,1
85087,2
85096,1
85116,1
85124,1
85128,1
85147,1
85159,1
85161,1
85170,1
85183,1
85200,1
85223,1
85235,1
85263,1
85265,1
85266,1
85267,1
85269,1
85276,1
85283,1
85291,2
85294,1
85311,1
85313,1
85324,1
85325,1
85329,1
85335,1
85342,1
85345,1
85347,1
85353,1
85356,1
85362,1
85387,1
85404,1
85406,2
85415,1
85420,2
85429,1
85444,1
85445,1
85469,1
85599,1
85623,1
85643,1
85644,1
85645,1
85662,2
85694,1
85705,1
85707,1
85740,1
85744,1
85767,1
85783,1
85801,1
85820,1
85831,1
85840,1
85847,1
85860,1
85873,1
85883,1
85885,1
85886,1
85909,1
85912,1
85917,1
85930,1
85933,1
85987,1
86019,1
86028,1
86083,1
86087,1
86090,1
86100,2
86132,1
86140,1
86150,1
86153,2
86168,1
86169,2
86177,1
86186,1
86190,1
86216,1
86225,2
86228,1
86230,1
86231,2
86245,1
86270,4
86290,2
86297,1
86306,2
86311,2
86314,2
86325,1
86337,2
86352,1
86358,2
86359,3
86363,1
86376,1
86381,1
86390,1
86400,1
86401,1
86402,1
86418,1
86445,1
86450,1
86451,1
86454,1
86456,1
86460,1
86461,1
86481,1
86505,1
86508,1
86513,1
86522,1
86525,1
86534,1
86537,1
86550,1
86565,1
86570,1
86571,1
86591,1
86594,1
86596,1
86601,1
86609,1
86635,1
86694,1
86716,1
86718,1
86735,1
86738,1
86740,1
86757,1
86767,1
86779,1
86791,1
86855,1
86856,1
86862,1
86886,1
86905,1
86907,1
86914,1
86937,1
86978,1
87015,1
87025,1
87051,1
87052,1
87073,2
87085,1
87134,2
87144,1
87149,1
87172,1
87182,1
87198,2
87211,3
87217,1
87220,1
87223,1
87227,1
87230,2
87243,1
87245,1
87246,1
87249,1
87258,1
87266,1
87274,1
87321,1
87328,1
87340,1
87344,1
87366,1
87367,1
87370,1
87383,1
87407,1
87416,1
87427,1
87429,1
87432,1
87444,1
87449,1
87500,1
87515,1
87523,1
87528,1
87530,1
87554,1
87573,2
87574,1
87590,1
87591,1
87599,1
87609,3
87627,1
87628,1
87648,1
87650,1
87666,1
87672,1
87678,1
87769,1
87775,1
87798,1
87818,1
87838,1
87844,1
87860,1
87863,1
87869,1
87886,1
87887,1
87896,1
87901,1
87912,1
87914,1
87930,1
87943,1
87948,1
87956,1
87960,2
87962,1
87964,1
87971,4
87973,1
87980,2
87994,1
88000,2
88009,1
88014,1
88016,1
88019,1
88022,1
88032,2
88038,1
88042,1
88053,1
88055,1
88068,3
88072,1
88074,2
88093,1
88105,2
88126,1
88137,2
88154,1
88168,1
88192,1
88223,1
88238,1
88276,1
88284,1
88436,1
88439,1
88458,1
88459,1
88462,1
88478,1
88497,1
88501,1
88505,1
88518,1
88537,1
88543,1
88549,1
88556,1
88563,1
88604,1
88625,1
88632,1
88665,2
88682,1
88699,1
88701,1
88714,1
88717,1
88727,1
88743,1
88747,1
88772,1
88775,1
88778,1
88781,1
88800,1
88801,1
88804,1
88823,1
88825,1
88852,1
88862,1
88869,2
88873,1
88877,1
88880,1
88903,2
88909,1
88916,1
88923,1
88925,1
88928,1
88934,1
88943,1
88952,1
88958,1
88964,1
88977,1
88985,1
88988,2
88991,1
89003,2
89009,2
89019,1
89025,1
89028,1
89030,2
89032,1
89046,1
89052,1
89054,1
89089,1
89120,1
89146,1
89179,1
89213,1
89220,1
89230,1
89353,1
89354,1
89359,1
89376,1
89380,1
89383,1
89436,1
89522,1
89528,1
89583,1
89586,1
89593,1
89608,1
89674,1
89696,1
89701,1
89707,1
89748,2
89756,1
89795,1
89803,1
89811,1
89814,1
89815,1
89818,1
89853,1
89854,1
89856,1
89861,1
89876,1
89878,1
89895,1
89896,1
89897,1
89911,1
89917,1
89924,1
89926,1
89928,1
89931,1
89936,1
89951,1
89953,1
89973,1
89979,1
89986,1
89990,1
89995,1
90024,1
90033,1
90035,1
90050,1
90063,1
90079,1
90088,1
90103,1
90112,1
90115,1
90132,1
90136,1
90151,1
90153,1
90177,1
90182,1
90194,1
90203,1
90208,1
90210,1
90213,1
90227,1
90240,1
90247,1
90253,1
90263,1
90276,1
90284,1
90289,1
90301,1
90303,1
90313,1
90324,1
90325,1
90343,1
90345,1
90354,1
90358,1
90394,1
90416,1
90489,1
90511,1
90606,2
90610,1
90613,1
90629,1
90631,1
90689,1
90697,1
90731,1
90737,1
90742,1
90766,1
90767,1
90808,1
90843,1
90901,1
90903,1
90911,1
90916,1
90943,1
90990,1
90998,1
91006,1
91054,1
91098,1
91133,1
91135,1
91146,1
91149,1
91188,1
91195,1
91197,1
91241,1
91289,1
91349,2
91353,1
91366,1
91378,1
91380,1
91416,1
91417,1
91424,1
91434,1
91442,1
91452,1
91460,1
91463,1
91475,1
91479,1
91480,1
91494,1
91497,1
91525,1
91530,1
91531,1
91539,1
91554,1
91575,1
91581,1
91607,1
91615,1
91620,1
91628,1
91671,1
91744,1
91746,1
91771,1
91775,1
91807,1
91811,1
91824,1
91835,1
91853,1
91880,1
91906,1
91913,1
91931,1
91934,1
91945,1
91948,1
91950,1
91953,1
91966,1
91983,1
92014,1
92037,1
92057,1
92071,1
92087,1
92105,1
92165,1
92181,1
92194,1
92197,1
92198,1
92201,1
92202,1
92203,1
92204,1
92212,1
92215,1
92227,1
92230,1
92234,1
92238,1
92241,1
92249,1
92251,1
92259,1
92267,1
92269,3
92270,1
92273,1
92274,1
92276,1
92279,1
92283,1
92291,1
92295,2
92303,1
92307,2
92314,2
92318,1
92322,1
92340,1
92346,1
92349,1
92353,2
92367,2
92368,1
92373,1
92377,1
92379,1
92384,1
92386,3
92394,1
92405,1
92427,1
92432,1
92460,1
92477,1
92480,1
92495,1
92519,1
92547,1
92570,1
92589,1
92624,1
92627,1
92630,1
92633,1
92640,1
92660,1
92685,1
92708,1
92714,1
92737,1
92770,1
92792,1
92796,1
92819,1
92838,1
92848,1
92864,2
92872,1
92914,1
92918,1
92941,1
92949,1
92951,2
92954,1
92971,1
92972,1
92987,1
92998,2
93000,1
93004,1
93008,1
93010,1
93011,1
93057,1
93060,1
93067,1
93074,1
93097,1
93108,1
93125,1
93127,1
93130,1
93131,1
93147,1
93152,1
93159,1
93164,1
93168,1
93169,1
93172,1
93177,1
93181,1
93207,1
93228,1
93233,1
93241,1
93255,1
93259,1
93278,1
93290,1
93322,1
93327,1
93342,1
93373,1
93387,1
93445,1
93451,1
93589,1
93604,1
93626,1
93632,1
93672,1
93682,1
93699,1
93708,1
93739,1
93749,1
93756,1
93833,1
93845,1
93864,1
93870,1
93900,1
93933,1
93941,1
93963,1
93971,1
93980,1
93983,1
93986,1
94000,1
94002,1
94013,1
94029,1
94038,2
94054,1
94066,2
94098,1
94100,1
94109,1
94114,1
94120,1
94123,1
94127,1
94129,2
94133,1
94149,1
94214,1
94304,1
94313,1
94314,1
94358,1
94374,1
94401,1
94411,1
94413,1
94428,1
94448,1
94490,1
94517,1
94545,1
94548,1
94549,1
94551,1
94569,1
94578,1
94581,1
94590,1
94595,1
94596,1
94610,1
94615,1
94628,1
94629,1
94633,1
94640,1
94649,1
94666,1
94669,1
94672,1
94677,1
94685,1
94699,1
94706,1
94710,1
94718,1
94722,1
94728,1
94733,1
94741,1
94743,1
94755,1
94764,1
94765,1
94773,1
94777,1
94778,1
94780,1
94783,1
94785,1
94786,1
94853,1
94889,1
94917,1
94923,1
94955,1
95029,1
95044,1
95071,1
95098,1
95117,1
95126,1
95145,1
95179,1
95198,1
95204,1
95224,1
95237,1
95250,1
95256,1
95257,1
95262,1
95263,1
95268,1
95277,1
95285,1
95287,1
95288,1
95289,1
95299,1
95314,1
95315,1
95335,1
95339,1
95341,1
95345,1
95350,1
95358,1
95368,1
95374,1
95375,1
95393,1
95399,1
95403,1
95406,1
95413,1
95424,1
95427,1
95430,1
95445,1
95463,1
95475,1
95482,1
95498,1
95504,1
95581,1
95596,1
95598,1
95666,1
95670,1
95683,1
95687,1
95691,1
95698,1
95699,1
95716,1
95720,2
95735,3
95742,1
95745,1
95746,1
95747,1
95750,1
95755,1
95758,2
95762,1
95764,1
95776,1
95778,2
95785,2
95792,1
95799,1
95800,1
95804,1
95807,1
95811,1
95817,1
95823,1
95837,1
95841,1
95844,1
95855,2
95874,2
95875,2
95876,1
95894,1
95903,1
95922,1
95958,1
95969,1
96063,1
96090,1
96117,1
96144,1
96148,1
96154,1
96155,1
96160,1
96162,1
96167,1
96169,1
96171,1
96183,2
96187,1
96191,1
96200,1
96204,1
96206,1
96209,1
96217,2
96218,1
96231,1
96234,1
96235,1
96237,1
96241,1
96248,1
96249,1
96251,2
96257,1
96268,1
96274,1
96283,1
96292,2
96299,1
96303,1
96306,1
96308,1
96309,1
96310,1
96311,1
96322,1
96328,1
96332,1
96337,1
96344,1
96353,1
96363,1
96368,1
96388,1
96395,1
96415,1
96449,1
96461,1
96462,1
96488,1
96490,1
96494,1
96500,1
96515,1
96523,1
96528,2
96529,2
96530,1
96531,1
96533,1
96534,2
96536,3
96539,1
96540,1
96541,1
96544,2
96545,1
96546,1
96551,1
96552,2
96553,1
96556,2
96557,1
96559,1
96561,2
96563,1
96564,1
96565,3
96568,2
96572,1
96574,3
96575,2
96576,2
96578,1
96579,2
96580,1
96581,2
96582,1
96584,2
96586,2
96588,1
96591,1
96593,2
96595,1
96598,1
96600,1
96601,1
96603,3
96605,1
96606,2
96607,2
96613,1
96615,1
96617,1
96621,1
96622,1
96624,1
96625,2
96629,1
96632,2
96636,1
96637,2
96638,1
96639,1
96640,2
96641,3
96643,1
96648,1
96649,1
96654,1
96655,1
96656,1
96657,1
96659,2
96660,1
96662,1
96667,1
96669,2
96672,2
96673,1
96674,1
96680,2
96681,2
96682,1
96687,1
96692,1
96694,1
96698,1
96699,1
96700,1
96712,1
96713,1
96716,1
96720,1
96721,3
96723,3
96724,1
96725,2
96726,1
96730,1
96732,1
96735,1
96742,1
96747,1
96756,1
96810,1
96873,1
96936,1
96966,1
96969,1
96970,1
96988,1
96998,1
97001,1
97002,1
97020,1
97037,1
97044,1
97051,1
97079,1
97120,1
97121,1
97145,1
97146,1
97162,1
97167,1
97173,1
97179,1
97206,1
97265,1
97285,1
97291,1
97304,1
97312,1
97320,1
97332,1
97346,1
97349,1
97350,1
97353,1
97354,1
97377,1
97378,1
97384,1
97407,1
97408,1
97420,1
97428,1
97434,1
97446,1
97451,1
97453,1
97460,1
97465,1
97482,1
97488,1
97490,1
97500,1
97511,1
97530,1
97539,1
97544,1
97550,1
97556,1
97565,1
97566,1
97567,1
97585,1
97592,1
97596,1
97598,1
97603,1
97606,1
97608,1
97609,1
97612,1
97635,1
97650,1
97657,1
97680,1
97720,1
97722,1
97761,1
97772,1
97779,1
97795,1
97822,1
97837,1
97844,1
97848,1
97849,1
97853,1
97912,1
97917,2
97923,2
97944,1
97974,1
97991,1
97993,1
97995,1
97998,2
98000,1
98008,1
98009,1
98021,2
98031,1
98037,1
98041,1
98052,1
98107,1
98110,1
98118,1
98130,1
98144,1
98162,1
98177,1
98185,2
98195,2
98211,1
98231,1
98239,1
98242,1
98264,3
98266,4
98268,3
98282,2
98293,3
98301,2
98313,1
98323,2
98335,2
98354,3
98357,2
98360,1
98364,2
98397,2
98408,1
98418,3
98420,2
98421,3
98424,2
98464,1
98472,2
98489,1
98492,1
98498,1
98519,1
98527,1
98583,1
98589,1
98599,1
98631,1
98635,1
98636,1
98658,1
98660,1
98665,1
98673,1
98676,1
98683,1
98709,1
98759,1
98760,1
98777,1
98783,1
98791,1
98796,1
98812,1
98825,1
98863,1
98871,1
98890,1
98905,1
98914,1
98919,1
98920,1
98921,1
98922,1
98923,1
98924,1
98925,1
98931,1
98935,1
98937,1
98938,1
98941,1
98942,1
98943,1
98947,1
98950,1
98951,1
98952,1
98955,1
98967,1
98968,1
98973,1
98975,1
98976,1
98981,1
98982,1
98983,1
98985,1
98990,1
98992,1
98999,1
99001,1
99002,1
99003,1
99004,1
99005,1
99010,1
99013,1
99015,1
99021,1
99022,1
99023,1
99024,1
99030,1
99038,1
99041,1
99042,1
99049,1
99052,1
99053,1
99054,1
99057,1
99061,1
99065,1
99069,1
99073,1
99074,1
99080,1
99082,1
99084,1
99085,1
99086,1
99087,1
99090,1
99094,1
99096,1
99097,1
99098,1
99099,1
99101,1
99103,1
99106,1
99107,1
99114,1
99115,1
99116,1
99119,1
99120,1
99122,1
99123,1
99129,1
99313,1
99336,1
99351,2
99417,1
99432,1
99451,3
99456,2
99458,1
99463,1
99466,1
99488,2
99502,2
99534,1
99571,1
99574,1
99583,1
99586,1
99624,1
99625,1
99708,1
99728,1
99730,1
99758,1
99790,1
99791,1
99800,1
99801,1
99804,1
99814,1
99821,1
99823,1
99830,1
99858,1
99860,1
99865,1
99875,1
99878,1
99879,1
99885,1
99886,2
99887,1
99894,1
99895,1
99902,1
99909,1
99916,1
99919,1
99923,1
99925,1
99934,1
99936,1
99942,1
99943,1
99944,1
99946,1
99949,1
99954,1
99962,1
99974,1
99978,1
99993,1
